"X","Y","Z","attribute"
4.5e-05,4.5e-05,-0.0001,10
-5.07335e-06,2.95679e-05,-0.0001,10
2.30699e-05,1.91776e-05,-0.0001,10
-5.07335e-06,2.95679e-05,-0.0001,10
-4.5e-05,4.5e-05,-0.0001,10
-2.81432e-05,1.03903e-05,-0.0001,10
7.5e-05,-6.5e-05,-0.000125,10
-7.5e-05,-6.5e-05,-0.000125,10
0,-6.5e-05,-5e-05,10
-5.07335e-06,2.95679e-05,-0.00055,10
-2.81432e-05,1.03903e-05,-0.00105,10
-5.07335e-06,2.95679e-05,-0.00105,10
-2.81432e-05,1.03903e-05,-0.00105,10
-5.07335e-06,2.95679e-05,-0.00055,10
-2.81432e-05,1.03903e-05,-0.00055,10
2.30699e-05,1.91776e-05,-0.00105,10
-5.07335e-06,2.95679e-05,-0.00155,10
2.30699e-05,1.91776e-05,-0.00155,10
-2.81432e-05,1.03903e-05,-0.00055,10
-2.30699e-05,-1.91776e-05,-0.00105,10
-2.81432e-05,1.03903e-05,-0.00105,10
-5.07335e-06,2.95679e-05,-0.00155,10
2.30699e-05,1.91776e-05,-0.00105,10
-5.07335e-06,2.95679e-05,-0.00105,10
-2.81432e-05,1.03903e-05,-0.0001,10
-5.07335e-06,2.95679e-05,-0.00055,10
-5.07335e-06,2.95679e-05,-0.0001,10
-5.07335e-06,2.95679e-05,-0.0001,10
2.30699e-05,1.91776e-05,-0.00055,10
2.30699e-05,1.91776e-05,-0.0001,10
-7.5e-05,-6.5e-05,-0.000125,10
-7.5e-05,-6.5e-05,2.5e-05,10
0,-6.5e-05,-5e-05,10
2.30699e-05,1.91776e-05,-0.0001,10
2.81432e-05,-1.03903e-05,-0.00055,10
2.81432e-05,-1.03903e-05,-0.0001,10
5.07335e-06,-2.95679e-05,-0.00055,10
-2.30699e-05,-1.91776e-05,-0.0001,10
5.07335e-06,-2.95679e-05,-0.0001,10
-2.30699e-05,-1.91776e-05,-0.00055,10
-2.81432e-05,1.03903e-05,-0.0001,10
-2.30699e-05,-1.91776e-05,-0.0001,10
2.81432e-05,-1.03903e-05,-0.00055,10
5.07335e-06,-2.95679e-05,-0.0001,10
2.81432e-05,-1.03903e-05,-0.0001,10
4.5e-05,4.5e-05,-8e-05,10
-4.5e-05,4.5e-05,-0.0001,10
4.5e-05,4.5e-05,-0.0001,10
-5.07335e-06,2.95679e-05,-0.00055,10
-2.81432e-05,1.03903e-05,-0.0001,10
-2.81432e-05,1.03903e-05,-0.00055,10
2.30699e-05,1.91776e-05,-0.00055,10
-5.07335e-06,2.95679e-05,-0.0001,10
-5.07335e-06,2.95679e-05,-0.00055,10
2.81432e-05,-1.03903e-05,-0.00055,10
2.30699e-05,1.91776e-05,-0.0001,10
2.30699e-05,1.91776e-05,-0.00055,10
-2.30699e-05,-1.91776e-05,-0.0001,10
5.07335e-06,-2.95679e-05,-0.00055,10
-2.30699e-05,-1.91776e-05,-0.00055,10
5.07335e-06,-2.95679e-05,-0.0001,10
2.81432e-05,-1.03903e-05,-0.00055,10
5.07335e-06,-2.95679e-05,-0.00055,10
5.07335e-06,-2.95679e-05,-0.00155,10
2.81432e-05,-1.03903e-05,-0.00105,10
2.81432e-05,-1.03903e-05,-0.00155,10
2.81432e-05,-1.03903e-05,-0.00105,10
5.07335e-06,-2.95679e-05,-0.00155,10
5.07335e-06,-2.95679e-05,-0.00105,10
2.81432e-05,-1.03903e-05,-0.00105,10
2.30699e-05,1.91776e-05,-0.00055,10
2.30699e-05,1.91776e-05,-0.00105,10
2.30699e-05,1.91776e-05,-0.00055,10
2.81432e-05,-1.03903e-05,-0.00105,10
2.81432e-05,-1.03903e-05,-0.00055,10
2.30699e-05,1.91776e-05,-0.00055,10
-5.07335e-06,2.95679e-05,-0.00105,10
2.30699e-05,1.91776e-05,-0.00105,10
-5.07335e-06,2.95679e-05,-0.00105,10
2.30699e-05,1.91776e-05,-0.00055,10
-5.07335e-06,2.95679e-05,-0.00055,10
-2.30699e-05,-1.91776e-05,-0.00155,10
5.07335e-06,-2.95679e-05,-0.00105,10
5.07335e-06,-2.95679e-05,-0.00155,10
5.07335e-06,-2.95679e-05,-0.00105,10
-2.30699e-05,-1.91776e-05,-0.00155,10
-2.30699e-05,-1.91776e-05,-0.00105,10
2.81432e-05,-1.03903e-05,-0.00155,10
2.30699e-05,1.91776e-05,-0.00105,10
2.30699e-05,1.91776e-05,-0.00155,10
-4.5e-05,-4.5e-05,-0.0001,10
4.5e-05,-4.5e-05,-0.0001,10
5.07335e-06,-2.95679e-05,-0.0001,10
-4.5e-05,-4.5e-05,-0.0001,3
7.5e-05,-4.5e-05,-0.000125,3
4.5e-05,-4.5e-05,-0.0001,3
7.5e-05,-4.5e-05,-0.000125,3
4.5e-05,-4.5e-05,-8e-05,3
4.5e-05,-4.5e-05,-0.0001,3
4.5e-05,4.5e-05,-8e-05,10
4.5e-05,-4.5e-05,-0.0001,10
4.5e-05,-4.5e-05,-8e-05,10
4.5e-05,-4.5e-05,-0.0001,10
4.5e-05,4.5e-05,-8e-05,10
4.5e-05,4.5e-05,-0.0001,10
-7.5e-05,-4.5e-05,-0.000125,3
7.5e-05,-4.5e-05,-0.000125,3
-4.5e-05,-4.5e-05,-0.0001,3
-7.5e-05,-4.5e-05,-0.000125,10
-7.5e-05,-6.5e-05,2.5e-05,10
-7.5e-05,-6.5e-05,-0.000125,10
4.5e-05,-4.5e-05,-0.0001,10
4.5e-05,4.5e-05,-0.0001,10
2.81432e-05,-1.03903e-05,-0.0001,10
-4.5e-05,4.5e-05,-0.0001,10
-4.5e-05,-4.5e-05,-0.0001,10
-2.81432e-05,1.03903e-05,-0.0001,10
-4.5e-05,-4.5e-05,-0.0001,10
5.07335e-06,-2.95679e-05,-0.0001,10
-2.30699e-05,-1.91776e-05,-0.0001,10
2.81432e-05,-1.03903e-05,-0.0001,10
4.5e-05,4.5e-05,-0.0001,10
2.30699e-05,1.91776e-05,-0.0001,10
5.07335e-06,-2.95679e-05,-0.0001,10
4.5e-05,-4.5e-05,-0.0001,10
2.81432e-05,-1.03903e-05,-0.0001,10
-2.81432e-05,1.03903e-05,-0.0001,10
-4.5e-05,-4.5e-05,-0.0001,10
-2.30699e-05,-1.91776e-05,-0.0001,10
7.5e-05,-4.5e-05,-0.000125,10
-7.5e-05,-6.5e-05,-0.000125,10
7.5e-05,-6.5e-05,-0.000125,10
-7.5e-05,-6.5e-05,-0.000125,10
7.5e-05,-4.5e-05,-0.000125,10
-7.5e-05,-4.5e-05,-0.000125,10
2.81432e-05,-1.03903e-05,-0.00055,10
5.07335e-06,-2.95679e-05,-0.00105,10
5.07335e-06,-2.95679e-05,-0.00055,10
5.07335e-06,-2.95679e-05,-0.00105,10
2.81432e-05,-1.03903e-05,-0.00055,10
2.81432e-05,-1.03903e-05,-0.00105,10
-2.81432e-05,1.03903e-05,-0.00155,10
-5.07335e-06,2.95679e-05,-0.00105,10
-2.81432e-05,1.03903e-05,-0.00105,10
-2.30699e-05,-1.91776e-05,-0.00105,10
-2.81432e-05,1.03903e-05,-0.00055,10
-2.30699e-05,-1.91776e-05,-0.00055,10
-5.07335e-06,2.95679e-05,-0.00105,10
-2.81432e-05,1.03903e-05,-0.00155,10
-5.07335e-06,2.95679e-05,-0.00155,10
2.30699e-05,1.91776e-05,-0.00105,10
2.81432e-05,-1.03903e-05,-0.00155,10
2.81432e-05,-1.03903e-05,-0.00105,10
5.07335e-06,-2.95679e-05,-0.00055,10
-2.30699e-05,-1.91776e-05,-0.00105,10
-2.30699e-05,-1.91776e-05,-0.00055,10
-2.30699e-05,-1.91776e-05,-0.00105,10
5.07335e-06,-2.95679e-05,-0.00055,10
5.07335e-06,-2.95679e-05,-0.00105,10
-2.81432e-05,1.03903e-05,-0.00105,10
-2.30699e-05,-1.91776e-05,-0.00155,10
-2.81432e-05,1.03903e-05,-0.00155,10
-2.81432e-05,1.03903e-05,-0.0001,10
-2.30699e-05,-1.91776e-05,-0.00055,10
-2.81432e-05,1.03903e-05,-0.00055,10
4.5e-05,4.5e-05,-0.0001,10
-4.5e-05,4.5e-05,-0.0001,10
-5.07335e-06,2.95679e-05,-0.0001,10
-2.81432e-05,1.03903e-05,-0.00205,10
-5.07335e-06,2.95679e-05,-0.00155,10
-2.81432e-05,1.03903e-05,-0.00155,10
-5.07335e-06,2.95679e-05,-0.00155,10
-2.81432e-05,1.03903e-05,-0.00205,10
-5.07335e-06,2.95679e-05,-0.00205,10
-5.07335e-06,2.95679e-05,-0.00205,10
2.30699e-05,1.91776e-05,-0.00155,10
-5.07335e-06,2.95679e-05,-0.00155,10
-2.30699e-05,-1.91776e-05,-0.00155,10
-2.81432e-05,1.03903e-05,-0.00105,10
-2.30699e-05,-1.91776e-05,-0.00105,10
2.30699e-05,1.91776e-05,-0.00205,10
2.81432e-05,-1.03903e-05,-0.00255,10
2.81432e-05,-1.03903e-05,-0.00205,10
2.30699e-05,1.91776e-05,-0.00205,10
-5.07335e-06,2.95679e-05,-0.00255,10
2.30699e-05,1.91776e-05,-0.00255,10
-2.81432e-05,1.03903e-05,-0.00155,10
-2.30699e-05,-1.91776e-05,-0.00205,10
-2.81432e-05,1.03903e-05,-0.00205,10
-2.81432e-05,1.03903e-05,-0.00255,10
-2.30699e-05,-1.91776e-05,-0.00305,10
-2.81432e-05,1.03903e-05,-0.00305,10
5.07335e-06,-2.95679e-05,-0.00305,10
2.81432e-05,-1.03903e-05,-0.00255,10
2.81432e-05,-1.03903e-05,-0.00305,10
-5.07335e-06,2.95679e-05,-0.00255,10
-2.81432e-05,1.03903e-05,-0.00305,10
-5.07335e-06,2.95679e-05,-0.00305,10
-2.81432e-05,1.03903e-05,-0.00305,10
-5.07335e-06,2.95679e-05,-0.00255,10
-2.81432e-05,1.03903e-05,-0.00255,10
-2.30699e-05,-1.91776e-05,-0.00255,10
5.07335e-06,-2.95679e-05,-0.00205,10
5.07335e-06,-2.95679e-05,-0.00255,10
5.07335e-06,-2.95679e-05,-0.00205,10
-2.30699e-05,-1.91776e-05,-0.00255,10
-2.30699e-05,-1.91776e-05,-0.00205,10
-2.30699e-05,-1.91776e-05,-0.00255,10
-2.81432e-05,1.03903e-05,-0.00205,10
-2.30699e-05,-1.91776e-05,-0.00205,10
5.07335e-06,-2.95679e-05,-0.00355,10
2.81432e-05,-1.03903e-05,-0.00305,10
2.81432e-05,-1.03903e-05,-0.00355,10
2.30699e-05,1.91776e-05,-0.00305,10
2.81432e-05,-1.03903e-05,-0.00355,10
2.81432e-05,-1.03903e-05,-0.00305,10
2.30699e-05,1.91776e-05,-0.00255,10
2.81432e-05,-1.03903e-05,-0.00305,10
2.81432e-05,-1.03903e-05,-0.00255,10
2.81432e-05,-1.03903e-05,-0.00305,10
2.30699e-05,1.91776e-05,-0.00255,10
2.30699e-05,1.91776e-05,-0.00305,10
2.81432e-05,-1.03903e-05,-0.00205,10
2.30699e-05,1.91776e-05,-0.00155,10
2.30699e-05,1.91776e-05,-0.00205,10
2.30699e-05,1.91776e-05,-0.00155,10
2.81432e-05,-1.03903e-05,-0.00205,10
2.81432e-05,-1.03903e-05,-0.00155,10
2.30699e-05,1.91776e-05,-0.00155,10
-5.07335e-06,2.95679e-05,-0.00205,10
2.30699e-05,1.91776e-05,-0.00205,10
2.81432e-05,-1.03903e-05,-0.00255,10
2.30699e-05,1.91776e-05,-0.00205,10
2.30699e-05,1.91776e-05,-0.00255,10
-5.07335e-06,2.95679e-05,-0.00255,10
2.30699e-05,1.91776e-05,-0.00205,10
-5.07335e-06,2.95679e-05,-0.00205,10
-2.30699e-05,-1.91776e-05,-0.00205,10
-2.81432e-05,1.03903e-05,-0.00155,10
-2.30699e-05,-1.91776e-05,-0.00155,10
2.81432e-05,-1.03903e-05,-0.00305,10
5.07335e-06,-2.95679e-05,-0.00355,10
5.07335e-06,-2.95679e-05,-0.00305,10
2.30699e-05,1.91776e-05,-0.00255,10
-5.07335e-06,2.95679e-05,-0.00305,10
2.30699e-05,1.91776e-05,-0.00305,10
-2.30699e-05,-1.91776e-05,-0.00355,10
-2.81432e-05,1.03903e-05,-0.00305,10
-2.30699e-05,-1.91776e-05,-0.00305,10
-5.07335e-06,2.95679e-05,-0.00205,10
-2.81432e-05,1.03903e-05,-0.00255,10
-5.07335e-06,2.95679e-05,-0.00255,10
5.07335e-06,-2.95679e-05,-0.00255,10
-2.30699e-05,-1.91776e-05,-0.00305,10
-2.30699e-05,-1.91776e-05,-0.00255,10
-2.81432e-05,1.03903e-05,-0.00255,10
-5.07335e-06,2.95679e-05,-0.00205,10
-2.81432e-05,1.03903e-05,-0.00205,10
2.81432e-05,-1.03903e-05,-0.00155,10
5.07335e-06,-2.95679e-05,-0.00205,10
5.07335e-06,-2.95679e-05,-0.00155,10
-2.30699e-05,-1.91776e-05,-0.00205,10
5.07335e-06,-2.95679e-05,-0.00155,10
5.07335e-06,-2.95679e-05,-0.00205,10
5.07335e-06,-2.95679e-05,-0.00155,10
-2.30699e-05,-1.91776e-05,-0.00205,10
-2.30699e-05,-1.91776e-05,-0.00155,10
5.07335e-06,-2.95679e-05,-0.00255,10
2.81432e-05,-1.03903e-05,-0.00205,10
2.81432e-05,-1.03903e-05,-0.00255,10
5.07335e-06,-2.95679e-05,-0.00305,10
-2.30699e-05,-1.91776e-05,-0.00355,10
-2.30699e-05,-1.91776e-05,-0.00305,10
-2.30699e-05,-1.91776e-05,-0.00355,10
5.07335e-06,-2.95679e-05,-0.00305,10
5.07335e-06,-2.95679e-05,-0.00355,10
-2.81432e-05,1.03903e-05,-0.00205,10
-2.30699e-05,-1.91776e-05,-0.00255,10
-2.81432e-05,1.03903e-05,-0.00255,10
2.81432e-05,-1.03903e-05,-0.00205,10
5.07335e-06,-2.95679e-05,-0.00255,10
5.07335e-06,-2.95679e-05,-0.00205,10
-2.30699e-05,-1.91776e-05,-0.00305,10
5.07335e-06,-2.95679e-05,-0.00255,10
5.07335e-06,-2.95679e-05,-0.00305,10
2.81432e-05,-1.03903e-05,-0.00255,10
5.07335e-06,-2.95679e-05,-0.00305,10
5.07335e-06,-2.95679e-05,-0.00255,10
5.07335e-06,-2.95679e-05,-0.00205,10
2.81432e-05,-1.03903e-05,-0.00155,10
2.81432e-05,-1.03903e-05,-0.00205,10
-2.30699e-05,-1.91776e-05,-0.00305,10
-2.81432e-05,1.03903e-05,-0.00255,10
-2.30699e-05,-1.91776e-05,-0.00255,10
-5.07335e-06,2.95679e-05,-0.00305,10
2.30699e-05,1.91776e-05,-0.00255,10
-5.07335e-06,2.95679e-05,-0.00255,10
2.30699e-05,1.91776e-05,-0.00355,10
2.81432e-05,-1.03903e-05,-0.00405,10
2.81432e-05,-1.03903e-05,-0.00355,10
2.81432e-05,-1.03903e-05,-0.00405,10
2.30699e-05,1.91776e-05,-0.00355,10
2.30699e-05,1.91776e-05,-0.00405,10
-5.07335e-06,2.95679e-05,-0.00505,10
2.30699e-05,1.91776e-05,-0.00455,10
-5.07335e-06,2.95679e-05,-0.00455,10
-2.81432e-05,1.03903e-05,-0.00455,10
-5.07335e-06,2.95679e-05,-0.00405,10
-2.81432e-05,1.03903e-05,-0.00405,10
-5.07335e-06,2.95679e-05,-0.00405,10
-2.81432e-05,1.03903e-05,-0.00455,10
-5.07335e-06,2.95679e-05,-0.00455,10
-5.07335e-06,2.95679e-05,-0.00355,10
-2.81432e-05,1.03903e-05,-0.00405,10
-5.07335e-06,2.95679e-05,-0.00405,10
-5.07335e-06,2.95679e-05,-0.00405,10
2.30699e-05,1.91776e-05,-0.00355,10
-5.07335e-06,2.95679e-05,-0.00355,10
-2.81432e-05,1.03903e-05,-0.00305,10
-2.30699e-05,-1.91776e-05,-0.00355,10
-2.81432e-05,1.03903e-05,-0.00355,10
-5.07335e-06,2.95679e-05,-0.00505,10
-2.81432e-05,1.03903e-05,-0.00455,10
-2.81432e-05,1.03903e-05,-0.00505,10
-2.81432e-05,1.03903e-05,-0.00455,10
-5.07335e-06,2.95679e-05,-0.00505,10
-5.07335e-06,2.95679e-05,-0.00455,10
2.81432e-05,-1.03903e-05,-0.00355,10
5.07335e-06,-2.95679e-05,-0.00405,10
5.07335e-06,-2.95679e-05,-0.00355,10
5.07335e-06,-2.95679e-05,-0.00455,10
2.81432e-05,-1.03903e-05,-0.00405,10
2.81432e-05,-1.03903e-05,-0.00455,10
2.81432e-05,-1.03903e-05,-0.00405,10
5.07335e-06,-2.95679e-05,-0.00455,10
5.07335e-06,-2.95679e-05,-0.00405,10
-2.30699e-05,-1.91776e-05,-0.00405,10
-2.81432e-05,1.03903e-05,-0.00355,10
-2.30699e-05,-1.91776e-05,-0.00355,10
-2.81432e-05,1.03903e-05,-0.00355,10
-2.30699e-05,-1.91776e-05,-0.00405,10
-2.81432e-05,1.03903e-05,-0.00405,10
5.07335e-06,-2.95679e-05,-0.00355,10
-2.30699e-05,-1.91776e-05,-0.00405,10
-2.30699e-05,-1.91776e-05,-0.00355,10
-2.30699e-05,-1.91776e-05,-0.00405,10
5.07335e-06,-2.95679e-05,-0.00355,10
5.07335e-06,-2.95679e-05,-0.00405,10
-2.30699e-05,-1.91776e-05,-0.00455,10
-2.81432e-05,1.03903e-05,-0.00505,10
-2.81432e-05,1.03903e-05,-0.00455,10
-2.81432e-05,1.03903e-05,-0.00505,10
-2.30699e-05,-1.91776e-05,-0.00455,10
-2.30699e-05,-1.91776e-05,-0.00505,10
5.07335e-06,-2.95679e-05,-0.00455,10
-2.30699e-05,-1.91776e-05,-0.00505,10
-2.30699e-05,-1.91776e-05,-0.00455,10
2.30699e-05,1.91776e-05,-0.00305,10
-5.07335e-06,2.95679e-05,-0.00355,10
2.30699e-05,1.91776e-05,-0.00355,10
-5.07335e-06,2.95679e-05,-0.00355,10
2.30699e-05,1.91776e-05,-0.00305,10
-5.07335e-06,2.95679e-05,-0.00305,10
2.30699e-05,1.91776e-05,-0.00355,10
-5.07335e-06,2.95679e-05,-0.00405,10
2.30699e-05,1.91776e-05,-0.00405,10
-2.81432e-05,1.03903e-05,-0.00405,10
-5.07335e-06,2.95679e-05,-0.00355,10
-2.81432e-05,1.03903e-05,-0.00355,10
-2.81432e-05,1.03903e-05,-0.00405,10
-2.30699e-05,-1.91776e-05,-0.00455,10
-2.81432e-05,1.03903e-05,-0.00455,10
5.07335e-06,-2.95679e-05,-0.00405,10
2.81432e-05,-1.03903e-05,-0.00355,10
2.81432e-05,-1.03903e-05,-0.00405,10
-2.30699e-05,-1.91776e-05,-0.00455,10
-2.81432e-05,1.03903e-05,-0.00405,10
-2.30699e-05,-1.91776e-05,-0.00405,10
-5.07335e-06,2.95679e-05,-0.00305,10
-2.81432e-05,1.03903e-05,-0.00355,10
-5.07335e-06,2.95679e-05,-0.00355,10
-2.81432e-05,1.03903e-05,-0.00355,10
-5.07335e-06,2.95679e-05,-0.00305,10
-2.81432e-05,1.03903e-05,-0.00305,10
2.30699e-05,1.91776e-05,-0.00405,10
-5.07335e-06,2.95679e-05,-0.00455,10
2.30699e-05,1.91776e-05,-0.00455,10
2.81432e-05,-1.03903e-05,-0.00455,10
2.30699e-05,1.91776e-05,-0.00405,10
2.30699e-05,1.91776e-05,-0.00455,10
2.30699e-05,1.91776e-05,-0.00405,10
2.81432e-05,-1.03903e-05,-0.00455,10
2.81432e-05,-1.03903e-05,-0.00405,10
-2.30699e-05,-1.91776e-05,-0.00455,10
5.07335e-06,-2.95679e-05,-0.00405,10
5.07335e-06,-2.95679e-05,-0.00455,10
5.07335e-06,-2.95679e-05,-0.00405,10
-2.30699e-05,-1.91776e-05,-0.00455,10
-2.30699e-05,-1.91776e-05,-0.00405,10
2.81432e-05,-1.03903e-05,-0.00355,10
2.30699e-05,1.91776e-05,-0.00305,10
2.30699e-05,1.91776e-05,-0.00355,10
-5.07335e-06,2.95679e-05,-0.00455,10
2.30699e-05,1.91776e-05,-0.00405,10
-5.07335e-06,2.95679e-05,-0.00405,10
1.21166e-06,-0.0075768,-0.01505,9
-0.00614425,-1.94177e-17,-0.01505,9
3.63497e-06,-2.00673e-19,-0.01505,9
3.63497e-06,-2.00673e-19,-0.01505,9
1.21166e-06,0.0075768,-0.01505,9
0.00307637,0.0037884,-0.01505,9
1.21166e-06,-0.0075768,-0.01505,9
-0.005,-0.015,-0.01505,9
-0.00773041,-0.00773041,-0.01505,9
-0.015,0.00773041,-0.00778041,8
-0.015,0.005,-0.01505,8
-0.015,0.00250119,-0.0113384,8
-0.005,-0.015,-0.01505,4
-2.37484e-06,-0.015,-0.0076268,4
-0.00773041,-0.015,-0.00778041,4
-0.015,0.00773041,-0.00778041,8
-0.015,0.0060803,-5e-05,8
-0.015,0.0105401,-0.00255,8
0.015,-0.0075768,-5.23748e-05,5
0.015,-0.015,-0.00505,5
0.015,-0.00773041,-0.00778041,5
2.37484e-06,0.015,-0.0076268,7
-0.005,0.015,-0.01505,7
-0.00773041,0.015,-0.00778041,7
-0.015,-0.00773041,-0.00778041,8
-0.015,-0.015,-0.00505,8
-0.015,-0.010533,-0.00255,8
-0.010533,0.015,-0.00255,7
-0.00773041,0.015,-0.00778041,7
-0.0113652,0.015,-0.0064152,7
-0.005,0.015,-0.01505,9
1.21166e-06,0.0075768,-0.01505,9
-0.00773041,0.00773041,-0.01505,9
0.015,-0.00773041,-0.00778041,5
0.015,-0.005,-0.01505,5
0.015,-0.0025,-0.0105901,5
0.00773041,-0.00773041,-0.01505,9
0.00615152,1.90164e-17,-0.01505,9
0.0105758,-0.0025,-0.01505,9
0.00773041,-0.015,-0.00778041,4
0.015,-0.015,-0.00505,4
0.010533,-0.015,-0.00255,4
-7.12453e-06,-0.015,-5e-05,4
-2.37484e-06,-0.015,-0.0076268,4
0.00303184,-0.015,-0.0038384,4
0.0105401,0.015,-0.00255,7
0.00773041,0.015,-0.00778041,7
0.00690535,0.015,-0.0039152,7
-0.00773041,-0.015,-0.00778041,4
-0.0060803,-0.015,-5e-05,4
-0.0105401,-0.015,-0.00255,4
0.00303184,-0.015,-0.0038384,4
0.00773041,-0.015,-0.00778041,4
0.00689823,-0.015,-0.0039152,4
-0.00773041,-0.015,-0.00778041,4
-2.37484e-06,-0.015,-0.0076268,4
-0.00304134,-0.015,-0.0038384,4
-0.015,-0.00303184,-0.0038384,8
-0.015,-0.00773041,-0.00778041,8
-0.015,-0.00689823,-0.0039152,8
7.12453e-06,0.015,-5e-05,7
2.37484e-06,0.015,-0.0076268,7
-0.00303184,0.015,-0.0038384,7
0.005,0.015,-0.01505,7
2.37484e-06,0.015,-0.0076268,7
0.00773041,0.015,-0.00778041,7
-0.015,7.12453e-06,-5e-05,8
-0.015,2.37484e-06,-0.0076268,8
-0.015,-0.00303184,-0.0038384,8
-0.015,0.00304134,-0.0038384,8
-0.015,0.00773041,-0.00778041,8
-0.015,0.00386639,-0.0077036,8
1.21166e-06,0.0075768,-0.01505,9
0.005,0.015,-0.01505,9
0.00773041,0.00773041,-0.01505,9
-2.37484e-06,-0.015,-0.0076268,4
0.005,-0.015,-0.01505,4
0.00773041,-0.015,-0.00778041,4
-0.0105401,-0.015,0.00245,4
-0.015,-0.015,-0.00505,4
-0.0105401,-0.015,-0.00255,4
-0.015,-0.010533,0.00245,8
-0.015,-0.015,-0.00505,8
-0.015,-0.015,-5e-05,8
-0.010533,0.015,0.00245,7
-0.015,0.015,-0.00505,7
-0.015,0.015,-5e-05,7
-0.015,0.0105401,0.00245,8
-0.015,0.015,-0.00505,8
-0.015,0.0105401,-0.00255,8
-0.015,-0.00249881,-0.0113384,8
-0.015,-0.00773041,-0.00778041,8
-0.015,-0.00386402,-0.0077036,8
0.015,-0.015,-5e-05,5
0.015,-0.0075768,-5.23748e-05,5
0.015,-0.0112884,0.00244881,5
0.010533,-0.015,0.00245,4
0.015,-0.015,-0.00505,4
0.015,-0.015,-5e-05,4
-0.005,0.015,-0.01505,9
0.005,0.015,-0.01505,9
1.21166e-06,0.0075768,-0.01505,9
0.005,0.015,-0.01505,7
-0.005,0.015,-0.01505,7
2.37484e-06,0.015,-0.0076268,7
0.005,-0.015,-0.01505,9
-0.005,-0.015,-0.01505,9
1.21166e-06,-0.0075768,-0.01505,9
-0.005,-0.015,-0.01505,4
0.005,-0.015,-0.01505,4
-2.37484e-06,-0.015,-0.0076268,4
-0.015,-2.51535e-17,-0.01505,8
-0.015,2.37484e-06,-0.0076268,8
-0.015,0.00250119,-0.0113384,8
-0.0105721,-0.0025,-0.01505,9
-0.015,0.005,-0.01505,9
-0.0105721,0.0025,-0.01505,9
0.005,-0.015,-0.01505,9
1.21166e-06,-0.0075768,-0.01505,9
0.00773041,-0.00773041,-0.01505,9
-0.005,-0.015,-0.01505,4
-0.00773041,-0.015,-0.00778041,4
-0.0113652,-0.015,-0.0114152,4
-0.005,-0.015,-0.01505,9
-0.015,-0.015,-0.01505,9
-0.0113652,-0.0113652,-0.01505,9
0.005,0.015,-0.01505,7
0.00773041,0.015,-0.00778041,7
0.0113652,0.015,-0.0114152,7
0.005,0.015,-0.01505,9
0.015,0.015,-0.01505,9
0.0113652,0.0113652,-0.01505,9
-0.005,0.015,-0.01505,7
-0.015,0.015,-0.01505,7
-0.0113652,0.015,-0.0114152,7
-0.00773041,0.00773041,-0.01505,9
-0.015,0.015,-0.01505,9
-0.005,0.015,-0.01505,9
0.00773041,-0.00773041,-0.01505,9
0.015,-0.015,-0.01505,9
0.005,-0.015,-0.01505,9
0.015,-0.015,-0.01505,4
0.00773041,-0.015,-0.00778041,4
0.005,-0.015,-0.01505,4
-0.015,-0.005,-0.01505,9
-0.00773041,-0.00773041,-0.01505,9
-0.0113652,-0.0113652,-0.01505,9
-0.015,-0.015,-0.01505,8
-0.015,-0.00773041,-0.00778041,8
-0.015,-0.005,-0.01505,8
-0.015,0.005,-0.01505,8
-0.015,0.00773041,-0.00778041,8
-0.015,0.0113652,-0.0114152,8
-0.015,0.015,-0.01505,9
-0.00773041,0.00773041,-0.01505,9
-0.015,0.005,-0.01505,9
0.015,0.015,-0.00505,5
0.015,0.00773041,-0.00778041,5
0.015,0.0113652,-0.0114152,5
0.015,0.015,-0.00505,7
0.015,0.015,-0.01505,7
0.0113652,0.015,-0.0114152,7
0.015,0.005,-0.01505,5
0.015,0.015,-0.01505,5
0.015,0.0113652,-0.0114152,5
0.015,0.005,-0.01505,9
0.00773041,0.00773041,-0.01505,9
0.0113652,0.0113652,-0.01505,9
0.015,-0.015,-0.01505,9
0.00773041,-0.00773041,-0.01505,9
0.015,-0.005,-0.01505,9
0.015,-0.005,-0.01505,5
0.015,-0.00773041,-0.00778041,5
0.015,-0.0113652,-0.0114152,5
-0.015,0.015,-0.00505,8
-0.015,0.015,-0.01505,8
-0.015,0.0113652,-0.0114152,8
-0.0113652,0.015,-0.0114152,7
-0.015,0.015,-0.00505,7
-0.0113652,0.015,-0.0064152,7
0.015,-0.015,-0.00505,5
0.015,-0.015,-0.01505,5
0.015,-0.0113652,-0.0114152,5
0.00773041,-0.015,-0.00778041,4
0.015,-0.015,-0.01505,4
0.015,-0.015,-0.00505,4
-0.015,-0.00773041,-0.00778041,8
-0.015,-0.015,-0.01505,8
-0.015,-0.015,-0.00505,8
-0.015,-0.015,-0.00505,4
-0.015,-0.015,-0.01505,4
-0.0113652,-0.015,-0.0114152,4
0.00773041,0.015,-0.00778041,7
2.37484e-06,0.015,-0.0076268,7
0.00304134,0.015,-0.0038384,7
0.015,0.0025,-0.0105901,5
0.015,0.00773041,-0.00778041,5
0.015,0.0038652,-0.00695535,5
0.00773041,0.00773041,-0.01505,9
0.015,0.005,-0.01505,9
0.0105758,0.0025,-0.01505,9
0.015,-0.00773041,-0.00778041,5
0.015,2.08167e-17,-0.0061303,5
0.015,-0.0037884,-0.00309134,5
0.00773041,0.00773041,-0.01505,9
0.00615152,1.90164e-17,-0.01505,9
0.00307637,0.0037884,-0.01505,9
1.21166e-06,-0.0075768,-0.01505,9
0.00615152,1.90164e-17,-0.01505,9
0.00773041,-0.00773041,-0.01505,9
1.21166e-06,0.0075768,-0.01505,9
-0.00614425,-1.94177e-17,-0.01505,9
-0.00773041,0.00773041,-0.01505,9
-0.00303184,0.015,-0.0038384,7
-0.00773041,0.015,-0.00778041,7
-0.00689823,0.015,-0.0039152,7
-0.00773041,-0.00773041,-0.01505,9
-0.015,-0.005,-0.01505,9
-0.0105721,-0.0025,-0.01505,9
-0.00614425,-1.94177e-17,-0.01505,9
1.21166e-06,-0.0075768,-0.01505,9
-0.00773041,-0.00773041,-0.01505,9
-0.00773041,0.00773041,-0.01505,9
-0.00614425,-1.94177e-17,-0.01505,9
-0.0105721,0.0025,-0.01505,9
0.015,0.0025,-0.0105901,5
0.015,-0.005,-0.01505,5
0.015,2.51535e-17,-0.01505,5
0.0105758,0.0025,-0.01505,9
0.015,-0.005,-0.01505,9
0.0105758,-0.0025,-0.01505,9
0.00615152,1.90164e-17,-0.01505,9
1.21166e-06,-0.0075768,-0.01505,9
3.63497e-06,-2.00673e-19,-0.01505,9
-0.00614425,-1.94177e-17,-0.01505,9
1.21166e-06,0.0075768,-0.01505,9
3.63497e-06,-2.00673e-19,-0.01505,9
-0.015,0.00250119,-0.0113384,8
-0.015,2.37484e-06,-0.0076268,8
-0.015,0.00386639,-0.0077036,8
-0.015,0.015,-0.00505,8
-0.015,0.00773041,-0.00778041,8
-0.015,0.0105401,-0.00255,8
-0.015,-0.010533,-0.00255,8
-0.015,-0.00606605,-5e-05,8
-0.015,-0.00689823,-0.0039152,8
-0.010533,0.015,-0.00255,7
-0.00606605,0.015,-5e-05,7
-0.00689823,0.015,-0.0039152,7
0.015,2.08167e-17,-0.0061303,5
0.015,-0.00773041,-0.00778041,5
0.015,-0.0025,-0.0105901,5
0.015,-0.005,-0.01505,9
0.00773041,-0.00773041,-0.01505,9
0.0105758,-0.0025,-0.01505,9
0.010533,-0.015,-0.00255,4
0.00606605,-0.015,-5e-05,4
0.00689823,-0.015,-0.0039152,4
-7.12453e-06,-0.015,-5e-05,4
-0.0060803,-0.015,-5e-05,4
-0.00304134,-0.015,-0.0038384,4
0.0105401,0.015,-0.00255,7
0.015,0.015,-0.00505,7
0.0113652,0.015,-0.0064152,7
-0.015,-0.015,-0.00505,4
-0.00773041,-0.015,-0.00778041,4
-0.0105401,-0.015,-0.00255,4
-2.37484e-06,-0.015,-0.0076268,4
0.00773041,-0.015,-0.00778041,4
0.00303184,-0.015,-0.0038384,4
-0.0060803,-0.015,-5e-05,4
-0.00773041,-0.015,-0.00778041,4
-0.00304134,-0.015,-0.0038384,4
-0.015,-0.00303184,-0.0038384,8
-0.015,2.37484e-06,-0.0076268,8
-0.015,-0.00386402,-0.0077036,8
7.12453e-06,0.015,-5e-05,7
0.0060803,0.015,-5e-05,7
0.00304134,0.015,-0.0038384,7
-0.015,7.12453e-06,-5e-05,8
-0.015,0.0060803,-5e-05,8
-0.015,0.00304134,-0.0038384,8
-0.015,0.0060803,-5e-05,8
-0.015,0.00773041,-0.00778041,8
-0.015,0.00304134,-0.0038384,8
-0.0105401,-0.015,0.00245,4
-0.015,-0.015,0.00495,4
-0.015,-0.015,-5e-05,4
-0.015,-0.010533,0.00245,8
-0.015,-0.00606605,-5e-05,8
-0.015,-0.010533,-0.00255,8
-0.010533,0.015,0.00245,7
-0.00606605,0.015,-5e-05,7
-0.010533,0.015,-0.00255,7
-0.015,0.0105401,0.00245,8
-0.015,0.015,0.00495,8
-0.015,0.015,-5e-05,8
-0.015,-0.005,-0.01505,8
-0.015,-0.00773041,-0.00778041,8
-0.015,-0.00249881,-0.0113384,8
0.015,-0.015,-0.00505,5
0.015,-0.0075768,-5.23748e-05,5
0.015,-0.015,-5e-05,5
0.010533,-0.015,0.00245,4
0.00606605,-0.015,-5e-05,4
0.010533,-0.015,-0.00255,4
-0.015,-2.51535e-17,-0.01505,8
-0.015,-0.005,-0.01505,8
-0.015,-0.00249881,-0.0113384,8
-0.0105721,-0.0025,-0.01505,9
-0.015,-0.005,-0.01505,9
-0.015,-2.51535e-17,-0.01505,9
-0.015,-0.015,-0.01505,4
-0.005,-0.015,-0.01505,4
-0.0113652,-0.015,-0.0114152,4
-0.00773041,-0.00773041,-0.01505,9
-0.005,-0.015,-0.01505,9
-0.0113652,-0.0113652,-0.01505,9
0.015,0.015,-0.01505,7
0.005,0.015,-0.01505,7
0.0113652,0.015,-0.0114152,7
0.00773041,0.00773041,-0.01505,9
0.005,0.015,-0.01505,9
0.0113652,0.0113652,-0.01505,9
-0.00773041,0.015,-0.00778041,7
-0.005,0.015,-0.01505,7
-0.0113652,0.015,-0.0114152,7
-0.015,-0.015,-0.01505,9
-0.015,-0.005,-0.01505,9
-0.0113652,-0.0113652,-0.01505,9
-0.015,0.015,-0.01505,8
-0.015,0.005,-0.01505,8
-0.015,0.0113652,-0.0114152,8
0.015,0.015,-0.01505,5
0.015,0.015,-0.00505,5
0.015,0.0113652,-0.0114152,5
0.0113652,0.015,-0.0114152,7
0.00773041,0.015,-0.00778041,7
0.0113652,0.015,-0.0064152,7
0.015,0.0113652,-0.0114152,5
0.015,0.00773041,-0.00778041,5
0.015,0.0063652,-0.0114152,5
0.015,0.015,-0.01505,9
0.015,0.005,-0.01505,9
0.0113652,0.0113652,-0.01505,9
0.015,-0.015,-0.01505,5
0.015,-0.005,-0.01505,5
0.015,-0.0113652,-0.0114152,5
-0.015,0.00773041,-0.00778041,8
-0.015,0.015,-0.00505,8
-0.015,0.0113652,-0.0114152,8
-0.015,0.015,-0.01505,7
-0.015,0.015,-0.00505,7
-0.0113652,0.015,-0.0114152,7
0.015,-0.00773041,-0.00778041,5
0.015,-0.015,-0.00505,5
0.015,-0.0113652,-0.0114152,5
-0.00773041,-0.015,-0.00778041,4
-0.015,-0.015,-0.00505,4
-0.0113652,-0.015,-0.0114152,4
0.00304134,0.015,-0.0038384,7
0.0060803,0.015,-5e-05,7
0.00690535,0.015,-0.0039152,7
0.015,0.0025,-0.0105901,5
0.015,0.005,-0.01505,5
0.015,0.0063652,-0.0114152,5
0.00615152,1.90164e-17,-0.01505,9
0.00773041,0.00773041,-0.01505,9
0.0105758,0.0025,-0.01505,9
0.015,-0.0075768,-5.23748e-05,5
0.015,-0.00773041,-0.00778041,5
0.015,-0.0037884,-0.00309134,5
1.21166e-06,0.0075768,-0.01505,9
0.00773041,0.00773041,-0.01505,9
0.00307637,0.0037884,-0.01505,9
2.37484e-06,0.015,-0.0076268,7
-0.00773041,0.015,-0.00778041,7
-0.00303184,0.015,-0.0038384,7
-0.00614425,-1.94177e-17,-0.01505,9
-0.00773041,-0.00773041,-0.01505,9
-0.0105721,-0.0025,-0.01505,9
-0.015,0.005,-0.01505,9
-0.00773041,0.00773041,-0.01505,9
-0.0105721,0.0025,-0.01505,9
0.015,0.0025,-0.0105901,5
0.015,2.08167e-17,-0.0061303,5
0.015,-0.0025,-0.0105901,5
0.0105758,0.0025,-0.01505,9
0.015,0.005,-0.01505,9
0.015,2.51535e-17,-0.01505,9
-0.015,0.00773041,-0.00778041,8
-0.015,0.00250119,-0.0113384,8
-0.015,0.00386639,-0.0077036,8
-0.015,-0.00773041,-0.00778041,8
-0.015,-0.010533,-0.00255,8
-0.015,-0.00689823,-0.0039152,8
-0.00773041,0.015,-0.00778041,7
-0.010533,0.015,-0.00255,7
-0.00689823,0.015,-0.0039152,7
0.00773041,-0.015,-0.00778041,4
0.010533,-0.015,-0.00255,4
0.00689823,-0.015,-0.0039152,4
-2.37484e-06,-0.015,-0.0076268,4
-7.12453e-06,-0.015,-5e-05,4
-0.00304134,-0.015,-0.0038384,4
0.00773041,0.015,-0.00778041,7
0.0105401,0.015,-0.00255,7
0.0113652,0.015,-0.0064152,7
-0.015,-0.00773041,-0.00778041,8
-0.015,-0.00303184,-0.0038384,8
-0.015,-0.00386402,-0.0077036,8
2.37484e-06,0.015,-0.0076268,7
7.12453e-06,0.015,-5e-05,7
0.00304134,0.015,-0.0038384,7
-0.015,2.37484e-06,-0.0076268,8
-0.015,7.12453e-06,-5e-05,8
-0.015,0.00304134,-0.0038384,8
-0.015,-0.015,-0.00505,4
-0.0105401,-0.015,0.00245,4
-0.015,-0.015,-5e-05,4
-0.015,-0.015,-0.00505,8
-0.015,-0.010533,0.00245,8
-0.015,-0.010533,-0.00255,8
-0.015,0.015,-0.00505,7
-0.010533,0.015,0.00245,7
-0.010533,0.015,-0.00255,7
-0.015,0.015,-0.00505,8
-0.015,0.0105401,0.00245,8
-0.015,0.015,-5e-05,8
0.015,-0.015,-0.00505,4
0.010533,-0.015,0.00245,4
0.010533,-0.015,-0.00255,4
-0.015,2.37484e-06,-0.0076268,8
-0.015,-2.51535e-17,-0.01505,8
-0.015,-0.00249881,-0.0113384,8
-0.015,0.005,-0.01505,9
-0.0105721,-0.0025,-0.01505,9
-0.015,-2.51535e-17,-0.01505,9
0.015,0.015,-0.00505,7
0.0113652,0.015,-0.0114152,7
0.0113652,0.015,-0.0064152,7
0.015,0.005,-0.01505,5
0.015,0.0113652,-0.0114152,5
0.015,0.0063652,-0.0114152,5
0.00773041,0.015,-0.00778041,7
0.00304134,0.015,-0.0038384,7
0.00690535,0.015,-0.0039152,7
0.015,0.00773041,-0.00778041,5
0.015,0.0025,-0.0105901,5
0.015,0.0063652,-0.0114152,5
0.015,-0.005,-0.01505,5
0.015,0.0025,-0.0105901,5
0.015,-0.0025,-0.0105901,5
0.015,-0.005,-0.01505,9
0.0105758,0.0025,-0.01505,9
0.015,2.51535e-17,-0.01505,9
0.00615152,1.90164e-17,-0.01505,9
3.63497e-06,-2.00673e-19,-0.01505,9
0.00307637,0.0037884,-0.01505,9
-0.015,0.015,-0.00505,7
-0.010533,0.015,-0.00255,7
-0.0113652,0.015,-0.0064152,7
0.00606605,-0.015,-5e-05,4
-7.12453e-06,-0.015,-5e-05,4
0.00303184,-0.015,-0.0038384,4
0.0060803,0.015,-5e-05,7
0.0105401,0.015,-0.00255,7
0.00690535,0.015,-0.0039152,7
0.00606605,-0.015,-5e-05,4
0.00303184,-0.015,-0.0038384,4
0.00689823,-0.015,-0.0039152,4
-0.015,-0.00606605,-5e-05,8
-0.015,-0.00303184,-0.0038384,8
-0.015,-0.00689823,-0.0039152,8
-0.00606605,0.015,-5e-05,7
7.12453e-06,0.015,-5e-05,7
-0.00303184,0.015,-0.0038384,7
-0.015,-0.00606605,-5e-05,8
-0.015,7.12453e-06,-5e-05,8
-0.015,-0.00303184,-0.0038384,8
-0.015,2.37484e-06,-0.0076268,8
-0.015,0.00304134,-0.0038384,8
-0.015,0.00386639,-0.0077036,8
-0.0060803,-0.015,-5e-05,4
-0.0105401,-0.015,0.00245,4
-0.0105401,-0.015,-0.00255,4
-0.015,-0.015,0.00495,8
-0.015,-0.010533,0.00245,8
-0.015,-0.015,-5e-05,8
-0.015,0.015,0.00495,7
-0.010533,0.015,0.00245,7
-0.015,0.015,-5e-05,7
-0.015,0.0060803,-5e-05,8
-0.015,0.0105401,0.00245,8
-0.015,0.0105401,-0.00255,8
-0.015,2.37484e-06,-0.0076268,8
-0.015,-0.00249881,-0.0113384,8
-0.015,-0.00386402,-0.0077036,8
0.015,-0.015,0.00495,5
0.015,-0.015,-5e-05,5
0.015,-0.0112884,0.00244881,5
0.015,-0.015,0.00495,4
0.010533,-0.015,0.00245,4
0.015,-0.015,-5e-05,4
-0.015,0.005,-0.01505,8
-0.015,-2.51535e-17,-0.01505,8
-0.015,0.00250119,-0.0113384,8
-0.00614425,-1.94177e-17,-0.01505,9
-0.0105721,-0.0025,-0.01505,9
-0.0105721,0.0025,-0.01505,9
-0.00773041,0.015,-0.00778041,7
-0.0113652,0.015,-0.0114152,7
-0.0113652,0.015,-0.0064152,7
0.015,2.08167e-17,-0.0061303,5
0.015,0.0025,-0.0105901,5
0.015,0.0038652,-0.00695535,5
-0.00606605,0.015,-5e-05,7
-0.00303184,0.015,-0.0038384,7
-0.00689823,0.015,-0.0039152,7
0.015,0.005,-0.01505,5
0.015,0.0025,-0.0105901,5
0.015,2.51535e-17,-0.01505,5
0.00615152,1.90164e-17,-0.01505,9
0.0105758,0.0025,-0.01505,9
0.0105758,-0.0025,-0.01505,9
2.30699e-05,1.91776e-05,-0.00705,10
2.81432e-05,-1.03903e-05,-0.00755,10
2.81432e-05,-1.03903e-05,-0.00705,10
2.81432e-05,-1.03903e-05,-0.00755,10
2.30699e-05,1.91776e-05,-0.00705,10
2.30699e-05,1.91776e-05,-0.00755,10
-2.81432e-05,1.03903e-05,-0.00755,10
-2.30699e-05,-1.91776e-05,-0.00705,10
-2.30699e-05,-1.91776e-05,-0.00755,10
-2.30699e-05,-1.91776e-05,-0.00705,10
-2.81432e-05,1.03903e-05,-0.00755,10
-2.81432e-05,1.03903e-05,-0.00705,10
2.30699e-05,1.91776e-05,-0.00755,10
-5.07335e-06,2.95679e-05,-0.00705,10
-5.07335e-06,2.95679e-05,-0.00755,10
-5.07335e-06,2.95679e-05,-0.00705,10
2.30699e-05,1.91776e-05,-0.00755,10
2.30699e-05,1.91776e-05,-0.00705,10
-5.07335e-06,2.95679e-05,-0.00755,10
-2.81432e-05,1.03903e-05,-0.00705,10
-2.81432e-05,1.03903e-05,-0.00755,10
-2.81432e-05,1.03903e-05,-0.00705,10
-5.07335e-06,2.95679e-05,-0.00755,10
-5.07335e-06,2.95679e-05,-0.00705,10
2.30699e-05,1.91776e-05,-0.00655,10
2.81432e-05,-1.03903e-05,-0.00705,10
2.81432e-05,-1.03903e-05,-0.00655,10
2.81432e-05,-1.03903e-05,-0.00705,10
2.30699e-05,1.91776e-05,-0.00655,10
2.30699e-05,1.91776e-05,-0.00705,10
-2.81432e-05,1.03903e-05,-0.00655,10
-5.07335e-06,2.95679e-05,-0.00705,10
-5.07335e-06,2.95679e-05,-0.00655,10
-5.07335e-06,2.95679e-05,-0.00705,10
-2.81432e-05,1.03903e-05,-0.00655,10
-2.81432e-05,1.03903e-05,-0.00705,10
5.07335e-06,-2.95679e-05,-0.00705,10
-2.30699e-05,-1.91776e-05,-0.00655,10
5.07335e-06,-2.95679e-05,-0.00655,10
-2.30699e-05,-1.91776e-05,-0.00655,10
5.07335e-06,-2.95679e-05,-0.00705,10
-2.30699e-05,-1.91776e-05,-0.00705,10
-5.07335e-06,2.95679e-05,-0.00655,10
2.30699e-05,1.91776e-05,-0.00605,10
-5.07335e-06,2.95679e-05,-0.00605,10
2.30699e-05,1.91776e-05,-0.00605,10
-5.07335e-06,2.95679e-05,-0.00655,10
2.30699e-05,1.91776e-05,-0.00655,10
-5.07335e-06,2.95679e-05,-0.00655,10
-2.81432e-05,1.03903e-05,-0.00605,10
-2.81432e-05,1.03903e-05,-0.00655,10
-2.81432e-05,1.03903e-05,-0.00605,10
-5.07335e-06,2.95679e-05,-0.00655,10
-5.07335e-06,2.95679e-05,-0.00605,10
2.81432e-05,-1.03903e-05,-0.00755,10
2.30699e-05,1.91776e-05,-0.00755,10
-2.24897e-20,-4.77063e-21,-0.00755,10
-2.24897e-20,-4.77063e-21,-0.00755,10
5.07335e-06,-2.95679e-05,-0.00755,10
2.81432e-05,-1.03903e-05,-0.00755,10
-2.81432e-05,1.03903e-05,-0.00755,10
-2.30699e-05,-1.91776e-05,-0.00755,10
-2.24897e-20,-4.77063e-21,-0.00755,10
5.07335e-06,-2.95679e-05,-0.00755,10
-2.24897e-20,-4.77063e-21,-0.00755,10
-2.30699e-05,-1.91776e-05,-0.00755,10
5.07335e-06,-2.95679e-05,-0.00755,10
2.81432e-05,-1.03903e-05,-0.00705,10
2.81432e-05,-1.03903e-05,-0.00755,10
2.81432e-05,-1.03903e-05,-0.00705,10
5.07335e-06,-2.95679e-05,-0.00755,10
5.07335e-06,-2.95679e-05,-0.00705,10
5.07335e-06,-2.95679e-05,-0.00705,10
-2.30699e-05,-1.91776e-05,-0.00755,10
-2.30699e-05,-1.91776e-05,-0.00705,10
2.30699e-05,1.91776e-05,-0.00655,10
-5.07335e-06,2.95679e-05,-0.00705,10
2.30699e-05,1.91776e-05,-0.00705,10
-2.30699e-05,-1.91776e-05,-0.00705,10
-2.81432e-05,1.03903e-05,-0.00655,10
-2.30699e-05,-1.91776e-05,-0.00655,10
2.81432e-05,-1.03903e-05,-0.00655,10
2.30699e-05,1.91776e-05,-0.00605,10
2.30699e-05,1.91776e-05,-0.00655,10
2.30699e-05,1.91776e-05,-0.00605,10
2.81432e-05,-1.03903e-05,-0.00655,10
2.81432e-05,-1.03903e-05,-0.00605,10
-2.30699e-05,-1.91776e-05,-0.00755,10
5.07335e-06,-2.95679e-05,-0.00705,10
5.07335e-06,-2.95679e-05,-0.00755,10
5.07335e-06,-2.95679e-05,-0.00655,10
2.81432e-05,-1.03903e-05,-0.00605,10
2.81432e-05,-1.03903e-05,-0.00655,10
2.81432e-05,-1.03903e-05,-0.00655,10
5.07335e-06,-2.95679e-05,-0.00705,10
5.07335e-06,-2.95679e-05,-0.00655,10
-2.24897e-20,-4.77063e-21,-0.00755,10
-5.07335e-06,2.95679e-05,-0.00755,10
-2.81432e-05,1.03903e-05,-0.00755,10
-5.07335e-06,2.95679e-05,-0.00755,10
-2.24897e-20,-4.77063e-21,-0.00755,10
2.30699e-05,1.91776e-05,-0.00755,10
-2.81432e-05,1.03903e-05,-0.00605,10
-2.30699e-05,-1.91776e-05,-0.00655,10
-2.81432e-05,1.03903e-05,-0.00655,10
-5.07335e-06,2.95679e-05,-0.00705,10
2.30699e-05,1.91776e-05,-0.00655,10
-5.07335e-06,2.95679e-05,-0.00655,10
-2.81432e-05,1.03903e-05,-0.00655,10
-2.30699e-05,-1.91776e-05,-0.00705,10
-2.81432e-05,1.03903e-05,-0.00705,10
5.07335e-06,-2.95679e-05,-0.00705,10
2.81432e-05,-1.03903e-05,-0.00655,10
2.81432e-05,-1.03903e-05,-0.00705,10
-5.07335e-06,2.95679e-05,-0.00555,10
-2.81432e-05,1.03903e-05,-0.00505,10
-2.81432e-05,1.03903e-05,-0.00555,10
2.30699e-05,1.91776e-05,-0.00455,10
-5.07335e-06,2.95679e-05,-0.00505,10
2.30699e-05,1.91776e-05,-0.00505,10
-5.07335e-06,2.95679e-05,-0.00555,10
-2.81432e-05,1.03903e-05,-0.00605,10
-5.07335e-06,2.95679e-05,-0.00605,10
2.30699e-05,1.91776e-05,-0.00555,10
-5.07335e-06,2.95679e-05,-0.00605,10
2.30699e-05,1.91776e-05,-0.00605,10
-5.07335e-06,2.95679e-05,-0.00605,10
2.30699e-05,1.91776e-05,-0.00555,10
-5.07335e-06,2.95679e-05,-0.00555,10
-2.81432e-05,1.03903e-05,-0.00555,10
-2.30699e-05,-1.91776e-05,-0.00505,10
-2.30699e-05,-1.91776e-05,-0.00555,10
-2.30699e-05,-1.91776e-05,-0.00505,10
-2.81432e-05,1.03903e-05,-0.00555,10
-2.81432e-05,1.03903e-05,-0.00505,10
5.07335e-06,-2.95679e-05,-0.00555,10
2.81432e-05,-1.03903e-05,-0.00505,10
2.81432e-05,-1.03903e-05,-0.00555,10
2.81432e-05,-1.03903e-05,-0.00505,10
5.07335e-06,-2.95679e-05,-0.00555,10
5.07335e-06,-2.95679e-05,-0.00505,10
2.81432e-05,-1.03903e-05,-0.00505,10
2.30699e-05,1.91776e-05,-0.00455,10
2.30699e-05,1.91776e-05,-0.00505,10
2.30699e-05,1.91776e-05,-0.00455,10
2.81432e-05,-1.03903e-05,-0.00505,10
2.81432e-05,-1.03903e-05,-0.00455,10
5.07335e-06,-2.95679e-05,-0.00505,10
2.81432e-05,-1.03903e-05,-0.00455,10
2.81432e-05,-1.03903e-05,-0.00505,10
2.30699e-05,1.91776e-05,-0.00555,10
2.81432e-05,-1.03903e-05,-0.00605,10
2.81432e-05,-1.03903e-05,-0.00555,10
2.81432e-05,-1.03903e-05,-0.00605,10
2.30699e-05,1.91776e-05,-0.00555,10
2.30699e-05,1.91776e-05,-0.00605,10
5.07335e-06,-2.95679e-05,-0.00605,10
2.81432e-05,-1.03903e-05,-0.00555,10
2.81432e-05,-1.03903e-05,-0.00605,10
-2.30699e-05,-1.91776e-05,-0.00605,10
-2.81432e-05,1.03903e-05,-0.00555,10
-2.30699e-05,-1.91776e-05,-0.00555,10
-2.81432e-05,1.03903e-05,-0.00555,10
-2.30699e-05,-1.91776e-05,-0.00605,10
-2.81432e-05,1.03903e-05,-0.00605,10
-2.30699e-05,-1.91776e-05,-0.00605,10
5.07335e-06,-2.95679e-05,-0.00555,10
5.07335e-06,-2.95679e-05,-0.00605,10
5.07335e-06,-2.95679e-05,-0.00555,10
-2.30699e-05,-1.91776e-05,-0.00605,10
-2.30699e-05,-1.91776e-05,-0.00555,10
-2.30699e-05,-1.91776e-05,-0.00505,10
5.07335e-06,-2.95679e-05,-0.00455,10
5.07335e-06,-2.95679e-05,-0.00505,10
-2.81432e-05,1.03903e-05,-0.00505,10
-5.07335e-06,2.95679e-05,-0.00555,10
-5.07335e-06,2.95679e-05,-0.00505,10
-2.81432e-05,1.03903e-05,-0.00605,10
-5.07335e-06,2.95679e-05,-0.00555,10
-2.81432e-05,1.03903e-05,-0.00555,10
-2.30699e-05,-1.91776e-05,-0.00605,10
5.07335e-06,-2.95679e-05,-0.00655,10
-2.30699e-05,-1.91776e-05,-0.00655,10
5.07335e-06,-2.95679e-05,-0.00655,10
-2.30699e-05,-1.91776e-05,-0.00605,10
5.07335e-06,-2.95679e-05,-0.00605,10
-5.07335e-06,2.95679e-05,-0.00555,10
2.30699e-05,1.91776e-05,-0.00505,10
-5.07335e-06,2.95679e-05,-0.00505,10
2.81432e-05,-1.03903e-05,-0.00605,10
5.07335e-06,-2.95679e-05,-0.00655,10
5.07335e-06,-2.95679e-05,-0.00605,10
2.81432e-05,-1.03903e-05,-0.00555,10
5.07335e-06,-2.95679e-05,-0.00605,10
5.07335e-06,-2.95679e-05,-0.00555,10
5.07335e-06,-2.95679e-05,-0.00505,10
-2.30699e-05,-1.91776e-05,-0.00555,10
-2.30699e-05,-1.91776e-05,-0.00505,10
-2.30699e-05,-1.91776e-05,-0.00555,10
5.07335e-06,-2.95679e-05,-0.00505,10
5.07335e-06,-2.95679e-05,-0.00555,10
2.81432e-05,-1.03903e-05,-0.00555,10
2.30699e-05,1.91776e-05,-0.00505,10
2.30699e-05,1.91776e-05,-0.00555,10
2.30699e-05,1.91776e-05,-0.00505,10
-5.07335e-06,2.95679e-05,-0.00555,10
2.30699e-05,1.91776e-05,-0.00555,10
2.30699e-05,1.91776e-05,-0.00505,10
2.81432e-05,-1.03903e-05,-0.00555,10
2.81432e-05,-1.03903e-05,-0.00505,10
-2.30699e-05,-1.91776e-05,-0.00655,10
-2.81432e-05,1.03903e-05,-0.00605,10
-2.30699e-05,-1.91776e-05,-0.00605,10
2.81432e-05,-1.03903e-05,-0.00455,10
5.07335e-06,-2.95679e-05,-0.00505,10
5.07335e-06,-2.95679e-05,-0.00455,10
-5.07335e-06,2.95679e-05,0.00395,10
-2.81432e-05,1.03903e-05,0.00345,10
-5.07335e-06,2.95679e-05,0.00345,10
-2.81432e-05,1.03903e-05,0.00345,10
-5.07335e-06,2.95679e-05,0.00395,10
-2.81432e-05,1.03903e-05,0.00395,10
2.30699e-05,1.91776e-05,0.00395,10
-5.07335e-06,2.95679e-05,0.00345,10
2.30699e-05,1.91776e-05,0.00345,10
-5.07335e-06,2.95679e-05,0.00345,10
2.30699e-05,1.91776e-05,0.00395,10
-5.07335e-06,2.95679e-05,0.00395,10
-2.30699e-05,-1.91776e-05,0.00395,10
5.07335e-06,-2.95679e-05,0.00445,10
5.07335e-06,-2.95679e-05,0.00395,10
-2.81432e-05,1.03903e-05,0.00345,10
-2.30699e-05,-1.91776e-05,0.00295,10
-2.81432e-05,1.03903e-05,0.00295,10
-2.30699e-05,-1.91776e-05,0.00295,10
-2.81432e-05,1.03903e-05,0.00345,10
-2.30699e-05,-1.91776e-05,0.00345,10
5.07335e-06,-2.95679e-05,0.00345,10
2.81432e-05,-1.03903e-05,0.00395,10
2.81432e-05,-1.03903e-05,0.00345,10
2.81432e-05,-1.03903e-05,0.00395,10
5.07335e-06,-2.95679e-05,0.00345,10
5.07335e-06,-2.95679e-05,0.00395,10
5.07335e-06,-2.95679e-05,0.00295,10
-2.30699e-05,-1.91776e-05,0.00245,10
-2.30699e-05,-1.91776e-05,0.00295,10
-2.30699e-05,-1.91776e-05,0.00245,10
5.07335e-06,-2.95679e-05,0.00295,10
5.07335e-06,-2.95679e-05,0.00245,10
5.07335e-06,-2.95679e-05,0.00295,10
2.81432e-05,-1.03903e-05,0.00345,10
2.81432e-05,-1.03903e-05,0.00295,10
2.81432e-05,-1.03903e-05,0.00345,10
5.07335e-06,-2.95679e-05,0.00295,10
5.07335e-06,-2.95679e-05,0.00345,10
-2.30699e-05,-1.91776e-05,0.00345,10
-2.81432e-05,1.03903e-05,0.00395,10
-2.30699e-05,-1.91776e-05,0.00395,10
-2.81432e-05,1.03903e-05,0.00395,10
-2.30699e-05,-1.91776e-05,0.00345,10
-2.81432e-05,1.03903e-05,0.00345,10
2.81432e-05,-1.03903e-05,0.00295,10
5.07335e-06,-2.95679e-05,0.00245,10
5.07335e-06,-2.95679e-05,0.00295,10
-5.07335e-06,2.95679e-05,0.00395,10
2.30699e-05,1.91776e-05,0.00445,10
-5.07335e-06,2.95679e-05,0.00445,10
2.30699e-05,1.91776e-05,0.00445,10
-5.07335e-06,2.95679e-05,0.00395,10
2.30699e-05,1.91776e-05,0.00395,10
-5.07335e-06,2.95679e-05,0.00445,10
-2.81432e-05,1.03903e-05,0.00395,10
-5.07335e-06,2.95679e-05,0.00395,10
-5.07335e-06,2.95679e-05,0.00245,10
2.30699e-05,1.91776e-05,0.00295,10
-5.07335e-06,2.95679e-05,0.00295,10
2.30699e-05,1.91776e-05,0.00345,10
-5.07335e-06,2.95679e-05,0.00295,10
2.30699e-05,1.91776e-05,0.00295,10
-2.30699e-05,-1.91776e-05,0.00245,10
-2.81432e-05,1.03903e-05,0.00295,10
-2.30699e-05,-1.91776e-05,0.00295,10
-5.07335e-06,2.95679e-05,0.00345,10
-2.81432e-05,1.03903e-05,0.00295,10
-5.07335e-06,2.95679e-05,0.00295,10
2.30699e-05,1.91776e-05,0.00345,10
2.81432e-05,-1.03903e-05,0.00395,10
2.30699e-05,1.91776e-05,0.00395,10
2.81432e-05,-1.03903e-05,0.00395,10
2.30699e-05,1.91776e-05,0.00345,10
2.81432e-05,-1.03903e-05,0.00345,10
-2.81432e-05,1.03903e-05,0.00295,10
-2.30699e-05,-1.91776e-05,0.00245,10
-2.81432e-05,1.03903e-05,0.00245,10
-5.07335e-06,2.95679e-05,0.00295,10
2.30699e-05,1.91776e-05,0.00345,10
-5.07335e-06,2.95679e-05,0.00345,10
-5.07335e-06,2.95679e-05,0.00295,10
-2.81432e-05,1.03903e-05,0.00245,10
-5.07335e-06,2.95679e-05,0.00245,10
2.30699e-05,1.91776e-05,0.00295,10
2.81432e-05,-1.03903e-05,0.00345,10
2.30699e-05,1.91776e-05,0.00345,10
2.81432e-05,-1.03903e-05,0.00345,10
2.30699e-05,1.91776e-05,0.00295,10
2.81432e-05,-1.03903e-05,0.00295,10
-2.81432e-05,1.03903e-05,0.00295,10
-5.07335e-06,2.95679e-05,0.00345,10
-2.81432e-05,1.03903e-05,0.00345,10
5.07335e-06,-2.95679e-05,0.00395,10
-2.30699e-05,-1.91776e-05,0.00345,10
-2.30699e-05,-1.91776e-05,0.00395,10
-2.30699e-05,-1.91776e-05,0.00345,10
5.07335e-06,-2.95679e-05,0.00395,10
5.07335e-06,-2.95679e-05,0.00345,10
-2.30699e-05,-1.91776e-05,0.00295,10
5.07335e-06,-2.95679e-05,0.00345,10
5.07335e-06,-2.95679e-05,0.00295,10
2.81432e-05,-1.03903e-05,0.00445,10
5.07335e-06,-2.95679e-05,0.00395,10
5.07335e-06,-2.95679e-05,0.00445,10
5.07335e-06,-2.95679e-05,0.00395,10
2.81432e-05,-1.03903e-05,0.00445,10
2.81432e-05,-1.03903e-05,0.00395,10
-2.81432e-05,1.03903e-05,0.00245,10
-5.07335e-06,2.95679e-05,0.00295,10
-2.81432e-05,1.03903e-05,0.00295,10
5.07335e-06,-2.95679e-05,0.00345,10
-2.30699e-05,-1.91776e-05,0.00295,10
-2.30699e-05,-1.91776e-05,0.00345,10
-1.27055e-20,-4.5e-05,-7.5e-05,2
5.92923e-21,-4.5e-05,-2.5e-05,2
-2.25e-05,-4.5e-05,-5e-05,2
5.92923e-21,-4.5e-05,-2.5e-05,2
-1.27055e-20,-4.5e-05,-7.5e-05,2
2.25e-05,-4.5e-05,-5e-05,2
-4.5e-05,-4.5e-05,-7.5e-05,2
-1.27055e-20,-4.5e-05,-7.5e-05,2
-2.25e-05,-4.5e-05,-5e-05,2
-1.27055e-20,-4.5e-05,-7.5e-05,2
4.5e-05,-4.5e-05,-7.5e-05,2
2.25e-05,-4.5e-05,-5e-05,2
5.92923e-21,-4.5e-05,-2.5e-05,2
-4.5e-05,-4.5e-05,-2.5e-05,2
-2.25e-05,-4.5e-05,-5e-05,2
4.5e-05,-4.5e-05,-2.5e-05,2
5.92923e-21,-4.5e-05,-2.5e-05,2
2.25e-05,-4.5e-05,-5e-05,2
-4.5e-05,-4.5e-05,-2.5e-05,2
-4.5e-05,-4.5e-05,-7.5e-05,2
-2.25e-05,-4.5e-05,-5e-05,2
4.5e-05,-4.5e-05,-7.5e-05,2
4.5e-05,-4.5e-05,-2.5e-05,2
2.25e-05,-4.5e-05,-5e-05,2
-5.07335e-06,2.95679e-05,0,10
4.5e-05,4.5e-05,0,10
2.30699e-05,1.91776e-05,0,10
-4.5e-05,4.5e-05,0,10
-5.07335e-06,2.95679e-05,0,10
-2.81432e-05,1.03903e-05,0,10
7.5e-05,-6.5e-05,2.5e-05,10
7.5e-05,-6.5e-05,-0.000125,10
0,-6.5e-05,-5e-05,10
-7.5e-05,-6.5e-05,2.5e-05,10
7.5e-05,-6.5e-05,2.5e-05,10
0,-6.5e-05,-5e-05,10
5.07335e-06,-2.95679e-05,0.00095,10
-2.30699e-05,-1.91776e-05,0.00045,10
-2.30699e-05,-1.91776e-05,0.00095,10
-5.07335e-06,2.95679e-05,0.00095,10
-2.81432e-05,1.03903e-05,0.00045,10
-5.07335e-06,2.95679e-05,0.00045,10
-2.81432e-05,1.03903e-05,0.00045,10
-5.07335e-06,2.95679e-05,0.00095,10
-2.81432e-05,1.03903e-05,0.00095,10
-5.07335e-06,2.95679e-05,0.00045,10
-2.81432e-05,1.03903e-05,0,10
-5.07335e-06,2.95679e-05,0,10
2.30699e-05,1.91776e-05,0,10
-5.07335e-06,2.95679e-05,0.00045,10
-5.07335e-06,2.95679e-05,0,10
2.81432e-05,-1.03903e-05,0,10
2.30699e-05,1.91776e-05,0.00045,10
2.30699e-05,1.91776e-05,0,10
-2.30699e-05,-1.91776e-05,0.00045,10
5.07335e-06,-2.95679e-05,0,10
-2.30699e-05,-1.91776e-05,0,10
-2.81432e-05,1.03903e-05,0.00045,10
-2.30699e-05,-1.91776e-05,0,10
-2.81432e-05,1.03903e-05,0,10
5.07335e-06,-2.95679e-05,0.00045,10
2.81432e-05,-1.03903e-05,0,10
5.07335e-06,-2.95679e-05,0,10
4.5e-05,4.5e-05,0,10
-4.5e-05,4.5e-05,-2e-05,10
4.5e-05,4.5e-05,-2e-05,10
-4.5e-05,4.5e-05,-2e-05,10
4.5e-05,4.5e-05,0,10
-4.5e-05,4.5e-05,0,10
-4.5e-05,4.5e-05,-0.0001,10
4.5e-05,4.5e-05,-8e-05,10
-4.5e-05,4.5e-05,-8e-05,10
-5.07335e-06,2.95679e-05,0.00045,10
2.30699e-05,1.91776e-05,0,10
2.30699e-05,1.91776e-05,0.00045,10
-2.81432e-05,1.03903e-05,0,10
-5.07335e-06,2.95679e-05,0.00045,10
-2.81432e-05,1.03903e-05,0.00045,10
2.30699e-05,1.91776e-05,0.00045,10
2.81432e-05,-1.03903e-05,0,10
2.81432e-05,-1.03903e-05,0.00045,10
-2.30699e-05,-1.91776e-05,0,10
-2.81432e-05,1.03903e-05,0.00045,10
-2.30699e-05,-1.91776e-05,0.00045,10
2.81432e-05,-1.03903e-05,0,10
5.07335e-06,-2.95679e-05,0.00045,10
2.81432e-05,-1.03903e-05,0.00045,10
-2.30699e-05,-1.91776e-05,0.00145,10
-2.81432e-05,1.03903e-05,0.00195,10
-2.30699e-05,-1.91776e-05,0.00195,10
-2.81432e-05,1.03903e-05,0.00195,10
-2.30699e-05,-1.91776e-05,0.00145,10
-2.81432e-05,1.03903e-05,0.00145,10
2.81432e-05,-1.03903e-05,0.00045,10
2.30699e-05,1.91776e-05,0.00095,10
2.30699e-05,1.91776e-05,0.00045,10
2.30699e-05,1.91776e-05,0.00095,10
2.81432e-05,-1.03903e-05,0.00045,10
2.81432e-05,-1.03903e-05,0.00095,10
-5.07335e-06,2.95679e-05,0.00145,10
-2.81432e-05,1.03903e-05,0.00095,10
-5.07335e-06,2.95679e-05,0.00095,10
4.5e-05,-4.5e-05,0,10
-4.5e-05,-4.5e-05,0,10
5.07335e-06,-2.95679e-05,0,10
7.5e-05,-4.5e-05,2.5e-05,3
-4.5e-05,-4.5e-05,0,3
4.5e-05,-4.5e-05,0,3
2.30699e-05,1.91776e-05,0.00145,10
-5.07335e-06,2.95679e-05,0.00095,10
2.30699e-05,1.91776e-05,0.00095,10
-5.07335e-06,2.95679e-05,0.00095,10
2.30699e-05,1.91776e-05,0.00145,10
-5.07335e-06,2.95679e-05,0.00145,10
4.5e-05,-4.5e-05,-2e-05,3
7.5e-05,-4.5e-05,2.5e-05,3
4.5e-05,-4.5e-05,0,3
4.5e-05,4.5e-05,0,10
4.5e-05,-4.5e-05,-2e-05,10
4.5e-05,-4.5e-05,0,10
4.5e-05,4.5e-05,-2e-05,10
-4.5e-05,4.5e-05,-2e-05,10
2.98918e-21,9.18367e-07,-2e-05,10
4.5e-05,4.5e-05,-8e-05,10
4.5e-05,-4.5e-05,-8e-05,10
9.14813e-22,9.18367e-07,-8e-05,10
4.5e-05,-4.5e-05,-2e-05,10
4.5e-05,4.5e-05,-2e-05,10
2.98918e-21,9.18367e-07,-2e-05,10
5.07335e-06,-2.95679e-05,0.00095,10
2.81432e-05,-1.03903e-05,0.00145,10
2.81432e-05,-1.03903e-05,0.00095,10
2.81432e-05,-1.03903e-05,0.00145,10
5.07335e-06,-2.95679e-05,0.00095,10
5.07335e-06,-2.95679e-05,0.00145,10
7.5e-05,-4.5e-05,2.5e-05,3
-7.5e-05,-4.5e-05,2.5e-05,3
-4.5e-05,-4.5e-05,0,3
-1.27055e-20,-4.5e-05,-7.5e-05,3
-4.5e-05,-4.5e-05,-8e-05,3
-1.35525e-20,-4.5e-05,-8e-05,3
-4.5e-05,-4.5e-05,-8e-05,10
9.14813e-22,9.18367e-07,-8e-05,10
-1.35525e-20,-4.5e-05,-8e-05,10
4.5e-05,-4.5e-05,-8e-05,3
-1.27055e-20,-4.5e-05,-7.5e-05,3
-1.35525e-20,-4.5e-05,-8e-05,3
9.14813e-22,9.18367e-07,-8e-05,10
4.5e-05,-4.5e-05,-8e-05,10
-1.35525e-20,-4.5e-05,-8e-05,10
-4.5e-05,-4.5e-05,-8e-05,3
-7.5e-05,-4.5e-05,-0.000125,3
-4.5e-05,-4.5e-05,-0.0001,3
-4.5e-05,-4.5e-05,-0.0001,10
-4.5e-05,4.5e-05,-8e-05,10
-4.5e-05,-4.5e-05,-8e-05,10
-4.5e-05,4.5e-05,-8e-05,10
-4.5e-05,-4.5e-05,-0.0001,10
-4.5e-05,4.5e-05,-0.0001,10
-7.5e-05,-4.5e-05,2.5e-05,3
-4.5e-05,-4.5e-05,-2e-05,3
-4.5e-05,-4.5e-05,0,3
-4.5e-05,-4.5e-05,-2e-05,10
-4.5e-05,4.5e-05,0,10
-4.5e-05,-4.5e-05,0,10
-4.5e-05,-4.5e-05,-8e-05,3
-1.27055e-20,-4.5e-05,-7.5e-05,3
-4.5e-05,-4.5e-05,-7.5e-05,3
-1.27055e-20,-4.5e-05,-7.5e-05,3
4.5e-05,-4.5e-05,-8e-05,3
4.5e-05,-4.5e-05,-7.5e-05,3
7.5e-05,-4.5e-05,2.5e-05,10
7.5e-05,-6.5e-05,-0.000125,10
7.5e-05,-6.5e-05,2.5e-05,10
7.5e-05,-6.5e-05,-0.000125,10
7.5e-05,-4.5e-05,2.5e-05,10
7.5e-05,-4.5e-05,-0.000125,10
4.5e-05,-4.5e-05,-2e-05,3
5.92923e-21,-4.5e-05,-2.5e-05,3
4.5e-05,-4.5e-05,-2.5e-05,3
-7.5e-05,-6.5e-05,2.5e-05,10
-7.5e-05,-4.5e-05,-0.000125,10
-7.5e-05,-4.5e-05,2.5e-05,10
4.5e-05,4.5e-05,0,10
4.5e-05,-4.5e-05,0,10
2.81432e-05,-1.03903e-05,0,10
-4.5e-05,-4.5e-05,0,10
-4.5e-05,4.5e-05,0,10
-2.81432e-05,1.03903e-05,0,10
5.07335e-06,-2.95679e-05,0,10
-4.5e-05,-4.5e-05,0,10
-2.30699e-05,-1.91776e-05,0,10
4.5e-05,4.5e-05,0,10
2.81432e-05,-1.03903e-05,0,10
2.30699e-05,1.91776e-05,0,10
4.5e-05,-4.5e-05,0,10
5.07335e-06,-2.95679e-05,0,10
2.81432e-05,-1.03903e-05,0,10
-4.5e-05,-4.5e-05,0,10
-2.81432e-05,1.03903e-05,0,10
-2.30699e-05,-1.91776e-05,0,10
7.5e-05,-6.5e-05,2.5e-05,10
-7.5e-05,-4.5e-05,2.5e-05,10
7.5e-05,-4.5e-05,2.5e-05,10
-2.30699e-05,-1.91776e-05,0.00145,10
5.07335e-06,-2.95679e-05,0.00195,10
5.07335e-06,-2.95679e-05,0.00145,10
-2.81432e-05,1.03903e-05,0.00095,10
-2.30699e-05,-1.91776e-05,0.00045,10
-2.81432e-05,1.03903e-05,0.00045,10
-2.30699e-05,-1.91776e-05,0.00045,10
5.07335e-06,-2.95679e-05,0.00095,10
5.07335e-06,-2.95679e-05,0.00045,10
-2.30699e-05,-1.91776e-05,0.00045,10
-2.81432e-05,1.03903e-05,0.00095,10
-2.30699e-05,-1.91776e-05,0.00095,10
-2.81432e-05,1.03903e-05,0.00145,10
-2.30699e-05,-1.91776e-05,0.00095,10
-2.81432e-05,1.03903e-05,0.00095,10
5.07335e-06,-2.95679e-05,0,10
-2.30699e-05,-1.91776e-05,0.00045,10
5.07335e-06,-2.95679e-05,0.00045,10
2.81432e-05,-1.03903e-05,0.00095,10
5.07335e-06,-2.95679e-05,0.00045,10
5.07335e-06,-2.95679e-05,0.00095,10
-5.07335e-06,2.95679e-05,0.00045,10
2.30699e-05,1.91776e-05,0.00095,10
-5.07335e-06,2.95679e-05,0.00095,10
-2.30699e-05,-1.91776e-05,0.00095,10
-2.81432e-05,1.03903e-05,0.00145,10
-2.30699e-05,-1.91776e-05,0.00145,10
2.30699e-05,1.91776e-05,0.00095,10
-5.07335e-06,2.95679e-05,0.00045,10
2.30699e-05,1.91776e-05,0.00045,10
5.07335e-06,-2.95679e-05,0.00045,10
2.81432e-05,-1.03903e-05,0.00095,10
2.81432e-05,-1.03903e-05,0.00045,10
5.07335e-06,-2.95679e-05,0.00145,10
-2.30699e-05,-1.91776e-05,0.00095,10
-2.30699e-05,-1.91776e-05,0.00145,10
-2.30699e-05,-1.91776e-05,0.00095,10
5.07335e-06,-2.95679e-05,0.00145,10
5.07335e-06,-2.95679e-05,0.00095,10
-4.5e-05,4.5e-05,-8e-05,10
4.5e-05,4.5e-05,-8e-05,10
9.14813e-22,9.18367e-07,-8e-05,10
-4.5e-05,-4.5e-05,-8e-05,10
-4.5e-05,4.5e-05,-8e-05,10
9.14813e-22,9.18367e-07,-8e-05,10
-4.5e-05,-4.5e-05,-2.5e-05,3
6.77626e-21,-4.5e-05,-2e-05,3
-4.5e-05,-4.5e-05,-2e-05,3
2.98918e-21,9.18367e-07,-2e-05,10
-4.5e-05,-4.5e-05,-2e-05,10
6.77626e-21,-4.5e-05,-2e-05,10
-4.5e-05,4.5e-05,-2e-05,10
-4.5e-05,-4.5e-05,-2e-05,10
2.98918e-21,9.18367e-07,-2e-05,10
2.30699e-05,1.91776e-05,0.00145,10
2.81432e-05,-1.03903e-05,0.00095,10
2.81432e-05,-1.03903e-05,0.00145,10
2.81432e-05,-1.03903e-05,0.00095,10
2.30699e-05,1.91776e-05,0.00145,10
2.30699e-05,1.91776e-05,0.00095,10
4.5e-05,-4.5e-05,-2e-05,10
4.5e-05,4.5e-05,0,10
4.5e-05,4.5e-05,-2e-05,10
4.5e-05,-4.5e-05,-2.5e-05,3
7.5e-05,-4.5e-05,2.5e-05,3
4.5e-05,-4.5e-05,-2e-05,3
7.5e-05,-4.5e-05,-0.000125,3
4.5e-05,-4.5e-05,-7.5e-05,3
4.5e-05,-4.5e-05,-8e-05,3
-4.5e-05,-4.5e-05,-7.5e-05,3
-7.5e-05,-4.5e-05,-0.000125,3
-4.5e-05,-4.5e-05,-8e-05,3
-7.5e-05,-4.5e-05,2.5e-05,3
-4.5e-05,-4.5e-05,-2.5e-05,3
-4.5e-05,-4.5e-05,-2e-05,3
-4.5e-05,4.5e-05,0,10
-4.5e-05,-4.5e-05,-2e-05,10
-4.5e-05,4.5e-05,-2e-05,10
-7.5e-05,-4.5e-05,2.5e-05,10
7.5e-05,-6.5e-05,2.5e-05,10
-7.5e-05,-6.5e-05,2.5e-05,10
7.5e-05,-4.5e-05,-0.000125,3
4.5e-05,-4.5e-05,-2.5e-05,3
4.5e-05,-4.5e-05,-7.5e-05,3
7.5e-05,-4.5e-05,-0.000125,3
7.5e-05,-4.5e-05,2.5e-05,3
4.5e-05,-4.5e-05,-2.5e-05,3
-4.5e-05,-4.5e-05,-2.5e-05,3
-7.5e-05,-4.5e-05,-0.000125,3
-4.5e-05,-4.5e-05,-7.5e-05,3
-7.5e-05,-4.5e-05,2.5e-05,3
-7.5e-05,-4.5e-05,-0.000125,3
-4.5e-05,-4.5e-05,-2.5e-05,3
-2.81432e-05,1.03903e-05,0.00095,10
-5.07335e-06,2.95679e-05,0.00145,10
-2.81432e-05,1.03903e-05,0.00145,10
5.07335e-06,-2.95679e-05,0.00195,10
-2.30699e-05,-1.91776e-05,0.00145,10
-2.30699e-05,-1.91776e-05,0.00195,10
-4.5e-05,4.5e-05,0,10
4.5e-05,4.5e-05,0,10
-5.07335e-06,2.95679e-05,0,10
5.92923e-21,-4.5e-05,-2.5e-05,3
4.5e-05,-4.5e-05,-2e-05,3
6.77626e-21,-4.5e-05,-2e-05,3
4.5e-05,-4.5e-05,-2e-05,10
2.98918e-21,9.18367e-07,-2e-05,10
6.77626e-21,-4.5e-05,-2e-05,10
6.77626e-21,-4.5e-05,-2e-05,3
-4.5e-05,-4.5e-05,-2.5e-05,3
5.92923e-21,-4.5e-05,-2.5e-05,3
-5.07335e-06,2.95679e-05,0.00195,10
-2.81432e-05,1.03903e-05,0.00145,10
-5.07335e-06,2.95679e-05,0.00145,10
5.07335e-06,-2.95679e-05,0.00245,10
2.81432e-05,-1.03903e-05,0.00295,10
2.81432e-05,-1.03903e-05,0.00245,10
2.81432e-05,-1.03903e-05,0.00195,10
5.07335e-06,-2.95679e-05,0.00145,10
5.07335e-06,-2.95679e-05,0.00195,10
5.07335e-06,-2.95679e-05,0.00145,10
2.81432e-05,-1.03903e-05,0.00195,10
2.81432e-05,-1.03903e-05,0.00145,10
-2.81432e-05,1.03903e-05,0.00195,10
-5.07335e-06,2.95679e-05,0.00245,10
-2.81432e-05,1.03903e-05,0.00245,10
-5.07335e-06,2.95679e-05,0.00245,10
-2.81432e-05,1.03903e-05,0.00195,10
-5.07335e-06,2.95679e-05,0.00195,10
2.81432e-05,-1.03903e-05,0.00245,10
2.30699e-05,1.91776e-05,0.00195,10
2.81432e-05,-1.03903e-05,0.00195,10
2.30699e-05,1.91776e-05,0.00195,10
2.81432e-05,-1.03903e-05,0.00245,10
2.30699e-05,1.91776e-05,0.00245,10
2.30699e-05,1.91776e-05,0.00245,10
-5.07335e-06,2.95679e-05,0.00195,10
2.30699e-05,1.91776e-05,0.00195,10
-5.07335e-06,2.95679e-05,0.00195,10
2.30699e-05,1.91776e-05,0.00245,10
-5.07335e-06,2.95679e-05,0.00245,10
2.81432e-05,-1.03903e-05,0.00245,10
5.07335e-06,-2.95679e-05,0.00195,10
5.07335e-06,-2.95679e-05,0.00245,10
5.07335e-06,-2.95679e-05,0.00195,10
2.81432e-05,-1.03903e-05,0.00245,10
2.81432e-05,-1.03903e-05,0.00195,10
-5.07335e-06,2.95679e-05,0.00145,10
2.30699e-05,1.91776e-05,0.00195,10
-5.07335e-06,2.95679e-05,0.00195,10
2.30699e-05,1.91776e-05,0.00195,10
-5.07335e-06,2.95679e-05,0.00145,10
2.30699e-05,1.91776e-05,0.00145,10
2.30699e-05,1.91776e-05,0.00295,10
-5.07335e-06,2.95679e-05,0.00245,10
2.30699e-05,1.91776e-05,0.00245,10
-2.81432e-05,1.03903e-05,0.00245,10
-2.30699e-05,-1.91776e-05,0.00195,10
-2.81432e-05,1.03903e-05,0.00195,10
-2.81432e-05,1.03903e-05,0.00145,10
-5.07335e-06,2.95679e-05,0.00195,10
-2.81432e-05,1.03903e-05,0.00195,10
2.30699e-05,1.91776e-05,0.00245,10
2.81432e-05,-1.03903e-05,0.00295,10
2.30699e-05,1.91776e-05,0.00295,10
2.81432e-05,-1.03903e-05,0.00295,10
2.30699e-05,1.91776e-05,0.00245,10
2.81432e-05,-1.03903e-05,0.00245,10
-2.30699e-05,-1.91776e-05,0.00195,10
5.07335e-06,-2.95679e-05,0.00245,10
5.07335e-06,-2.95679e-05,0.00195,10
-2.30699e-05,-1.91776e-05,0.00195,10
-2.81432e-05,1.03903e-05,0.00245,10
-2.30699e-05,-1.91776e-05,0.00245,10
2.81432e-05,-1.03903e-05,0.00145,10
2.30699e-05,1.91776e-05,0.00195,10
2.30699e-05,1.91776e-05,0.00145,10
2.30699e-05,1.91776e-05,0.00195,10
2.81432e-05,-1.03903e-05,0.00145,10
2.81432e-05,-1.03903e-05,0.00195,10
5.07335e-06,-2.95679e-05,0.00245,10
-2.30699e-05,-1.91776e-05,0.00195,10
-2.30699e-05,-1.91776e-05,0.00245,10
-2.81432e-05,1.03903e-05,0.00445,10
-5.07335e-06,2.95679e-05,0.00495,10
-2.81432e-05,1.03903e-05,0.00495,10
-5.07335e-06,2.95679e-05,0.00495,10
-2.81432e-05,1.03903e-05,0.00445,10
-5.07335e-06,2.95679e-05,0.00445,10
-5.07335e-06,2.95679e-05,0.00545,10
-2.81432e-05,1.03903e-05,0.00495,10
-5.07335e-06,2.95679e-05,0.00495,10
-2.81432e-05,1.03903e-05,0.00495,10
-5.07335e-06,2.95679e-05,0.00545,10
-2.81432e-05,1.03903e-05,0.00545,10
-2.81432e-05,1.03903e-05,0.00595,10
-2.30699e-05,-1.91776e-05,0.00545,10
-2.81432e-05,1.03903e-05,0.00545,10
-2.30699e-05,-1.91776e-05,0.00495,10
-2.81432e-05,1.03903e-05,0.00545,10
-2.30699e-05,-1.91776e-05,0.00545,10
-2.30699e-05,-1.91776e-05,0.00545,10
5.07335e-06,-2.95679e-05,0.00495,10
-2.30699e-05,-1.91776e-05,0.00495,10
5.07335e-06,-2.95679e-05,0.00495,10
-2.30699e-05,-1.91776e-05,0.00545,10
5.07335e-06,-2.95679e-05,0.00545,10
5.07335e-06,-2.95679e-05,0.00595,10
2.81432e-05,-1.03903e-05,0.00545,10
5.07335e-06,-2.95679e-05,0.00545,10
2.81432e-05,-1.03903e-05,0.00545,10
5.07335e-06,-2.95679e-05,0.00595,10
2.81432e-05,-1.03903e-05,0.00595,10
2.30699e-05,1.91776e-05,0.00495,10
2.81432e-05,-1.03903e-05,0.00545,10
2.30699e-05,1.91776e-05,0.00545,10
2.81432e-05,-1.03903e-05,0.00545,10
2.30699e-05,1.91776e-05,0.00495,10
2.81432e-05,-1.03903e-05,0.00495,10
5.07335e-06,-2.95679e-05,0.00445,10
-2.30699e-05,-1.91776e-05,0.00395,10
-2.30699e-05,-1.91776e-05,0.00445,10
5.07335e-06,-2.95679e-05,0.00445,10
2.81432e-05,-1.03903e-05,0.00495,10
2.81432e-05,-1.03903e-05,0.00445,10
2.81432e-05,-1.03903e-05,0.00495,10
5.07335e-06,-2.95679e-05,0.00445,10
5.07335e-06,-2.95679e-05,0.00495,10
-2.81432e-05,1.03903e-05,0.00445,10
-2.30699e-05,-1.91776e-05,0.00395,10
-2.81432e-05,1.03903e-05,0.00395,10
2.30699e-05,1.91776e-05,0.00595,10
-5.07335e-06,2.95679e-05,0.00545,10
2.30699e-05,1.91776e-05,0.00545,10
-5.07335e-06,2.95679e-05,0.00545,10
2.30699e-05,1.91776e-05,0.00595,10
-5.07335e-06,2.95679e-05,0.00595,10
2.30699e-05,1.91776e-05,0.00395,10
2.81432e-05,-1.03903e-05,0.00445,10
2.30699e-05,1.91776e-05,0.00445,10
2.81432e-05,-1.03903e-05,0.00445,10
2.30699e-05,1.91776e-05,0.00395,10
2.81432e-05,-1.03903e-05,0.00395,10
-2.81432e-05,1.03903e-05,0.00395,10
-5.07335e-06,2.95679e-05,0.00445,10
-2.81432e-05,1.03903e-05,0.00445,10
-2.81432e-05,1.03903e-05,0.00545,10
-5.07335e-06,2.95679e-05,0.00595,10
-2.81432e-05,1.03903e-05,0.00595,10
2.30699e-05,1.91776e-05,0.00495,10
-5.07335e-06,2.95679e-05,0.00445,10
2.30699e-05,1.91776e-05,0.00445,10
5.07335e-06,-2.95679e-05,0.00495,10
-2.30699e-05,-1.91776e-05,0.00445,10
-2.30699e-05,-1.91776e-05,0.00495,10
-5.07335e-06,2.95679e-05,0.00445,10
2.30699e-05,1.91776e-05,0.00495,10
-5.07335e-06,2.95679e-05,0.00495,10
-2.30699e-05,-1.91776e-05,0.00545,10
-2.81432e-05,1.03903e-05,0.00595,10
-2.30699e-05,-1.91776e-05,0.00595,10
-5.07335e-06,2.95679e-05,0.00595,10
-2.81432e-05,1.03903e-05,0.00545,10
-5.07335e-06,2.95679e-05,0.00545,10
2.30699e-05,1.91776e-05,0.00445,10
2.81432e-05,-1.03903e-05,0.00495,10
2.30699e-05,1.91776e-05,0.00495,10
-2.81432e-05,1.03903e-05,0.00495,10
-2.30699e-05,-1.91776e-05,0.00445,10
-2.81432e-05,1.03903e-05,0.00445,10
-2.30699e-05,-1.91776e-05,0.00445,10
-2.81432e-05,1.03903e-05,0.00495,10
-2.30699e-05,-1.91776e-05,0.00495,10
-2.81432e-05,1.03903e-05,0.00545,10
-2.30699e-05,-1.91776e-05,0.00495,10
-2.81432e-05,1.03903e-05,0.00495,10
-5.07335e-06,2.95679e-05,0.00495,10
2.30699e-05,1.91776e-05,0.00545,10
-5.07335e-06,2.95679e-05,0.00545,10
2.30699e-05,1.91776e-05,0.00545,10
-5.07335e-06,2.95679e-05,0.00495,10
2.30699e-05,1.91776e-05,0.00495,10
-2.30699e-05,-1.91776e-05,0.00395,10
-2.81432e-05,1.03903e-05,0.00445,10
-2.30699e-05,-1.91776e-05,0.00445,10
2.30699e-05,1.91776e-05,0.00545,10
2.81432e-05,-1.03903e-05,0.00595,10
2.30699e-05,1.91776e-05,0.00595,10
2.81432e-05,-1.03903e-05,0.00595,10
2.30699e-05,1.91776e-05,0.00545,10
2.81432e-05,-1.03903e-05,0.00545,10
2.81432e-05,-1.03903e-05,0.00495,10
5.07335e-06,-2.95679e-05,0.00545,10
2.81432e-05,-1.03903e-05,0.00545,10
5.07335e-06,-2.95679e-05,0.00545,10
2.81432e-05,-1.03903e-05,0.00495,10
5.07335e-06,-2.95679e-05,0.00495,10
-2.30699e-05,-1.91776e-05,0.00445,10
5.07335e-06,-2.95679e-05,0.00495,10
5.07335e-06,-2.95679e-05,0.00445,10
-2.30699e-05,-1.91776e-05,0.00595,10
5.07335e-06,-2.95679e-05,0.00545,10
-2.30699e-05,-1.91776e-05,0.00545,10
5.07335e-06,-2.95679e-05,0.00545,10
-2.30699e-05,-1.91776e-05,0.00595,10
5.07335e-06,-2.95679e-05,0.00595,10
2.81432e-05,-1.03903e-05,0.00495,10
2.30699e-05,1.91776e-05,0.00445,10
2.81432e-05,-1.03903e-05,0.00445,10
-2.81432e-05,1.03903e-05,0.00595,10
-5.07335e-06,2.95679e-05,0.00645,10
-2.81432e-05,1.03903e-05,0.00645,10
-5.07335e-06,2.95679e-05,0.00645,10
-2.81432e-05,1.03903e-05,0.00595,10
-5.07335e-06,2.95679e-05,0.00595,10
-5.07335e-06,2.95679e-05,0.00695,10
2.30699e-05,1.91776e-05,0.00745,10
-5.07335e-06,2.95679e-05,0.00745,10
5.07335e-06,-2.95679e-05,0.00595,10
-2.30699e-05,-1.91776e-05,0.00645,10
5.07335e-06,-2.95679e-05,0.00645,10
-2.30699e-05,-1.91776e-05,0.00645,10
5.07335e-06,-2.95679e-05,0.00595,10
-2.30699e-05,-1.91776e-05,0.00595,10
-2.30699e-05,-1.91776e-05,0.00695,10
-2.81432e-05,1.03903e-05,0.00745,10
-2.30699e-05,-1.91776e-05,0.00745,10
-2.81432e-05,1.03903e-05,0.00745,10
-2.30699e-05,-1.91776e-05,0.00695,10
-2.81432e-05,1.03903e-05,0.00695,10
2.30699e-05,1.91776e-05,0.00645,10
2.81432e-05,-1.03903e-05,0.00695,10
2.30699e-05,1.91776e-05,0.00695,10
2.81432e-05,-1.03903e-05,0.00695,10
2.30699e-05,1.91776e-05,0.00645,10
2.81432e-05,-1.03903e-05,0.00645,10
2.30699e-05,1.91776e-05,0.00695,10
-5.07335e-06,2.95679e-05,0.00645,10
2.30699e-05,1.91776e-05,0.00645,10
-5.07335e-06,2.95679e-05,0.00645,10
2.30699e-05,1.91776e-05,0.00695,10
-5.07335e-06,2.95679e-05,0.00695,10
5.07335e-06,-2.95679e-05,0.00695,10
2.81432e-05,-1.03903e-05,0.00645,10
5.07335e-06,-2.95679e-05,0.00645,10
2.81432e-05,-1.03903e-05,0.00645,10
5.07335e-06,-2.95679e-05,0.00695,10
2.81432e-05,-1.03903e-05,0.00695,10
-2.81432e-05,1.03903e-05,0.00695,10
-2.30699e-05,-1.91776e-05,0.00645,10
-2.81432e-05,1.03903e-05,0.00645,10
8.61646e-22,4.76576e-21,0.00745,10
2.30699e-05,1.91776e-05,0.00745,10
2.81432e-05,-1.03903e-05,0.00745,10
2.30699e-05,1.91776e-05,0.00745,10
8.61646e-22,4.76576e-21,0.00745,10
-5.07335e-06,2.95679e-05,0.00745,10
2.81432e-05,-1.03903e-05,0.00745,10
5.07335e-06,-2.95679e-05,0.00745,10
8.61646e-22,4.76576e-21,0.00745,10
8.61646e-22,4.76576e-21,0.00745,10
-2.81432e-05,1.03903e-05,0.00745,10
-5.07335e-06,2.95679e-05,0.00745,10
8.61646e-22,4.76576e-21,0.00745,10
5.07335e-06,-2.95679e-05,0.00745,10
-2.30699e-05,-1.91776e-05,0.00745,10
-2.30699e-05,-1.91776e-05,0.00745,10
-2.81432e-05,1.03903e-05,0.00745,10
8.61646e-22,4.76576e-21,0.00745,10
-2.30699e-05,-1.91776e-05,0.00745,10
5.07335e-06,-2.95679e-05,0.00695,10
-2.30699e-05,-1.91776e-05,0.00695,10
5.07335e-06,-2.95679e-05,0.00695,10
-2.30699e-05,-1.91776e-05,0.00745,10
5.07335e-06,-2.95679e-05,0.00745,10
5.07335e-06,-2.95679e-05,0.00645,10
2.81432e-05,-1.03903e-05,0.00595,10
5.07335e-06,-2.95679e-05,0.00595,10
2.30699e-05,1.91776e-05,0.00595,10
2.81432e-05,-1.03903e-05,0.00645,10
2.30699e-05,1.91776e-05,0.00645,10
2.30699e-05,1.91776e-05,0.00645,10
-5.07335e-06,2.95679e-05,0.00595,10
2.30699e-05,1.91776e-05,0.00595,10
2.30699e-05,1.91776e-05,0.00745,10
-5.07335e-06,2.95679e-05,0.00695,10
2.30699e-05,1.91776e-05,0.00695,10
-5.07335e-06,2.95679e-05,0.00595,10
2.30699e-05,1.91776e-05,0.00645,10
-5.07335e-06,2.95679e-05,0.00645,10
2.30699e-05,1.91776e-05,0.00695,10
2.81432e-05,-1.03903e-05,0.00745,10
2.30699e-05,1.91776e-05,0.00745,10
2.81432e-05,-1.03903e-05,0.00745,10
2.30699e-05,1.91776e-05,0.00695,10
2.81432e-05,-1.03903e-05,0.00695,10
-5.07335e-06,2.95679e-05,0.00745,10
-2.81432e-05,1.03903e-05,0.00695,10
-5.07335e-06,2.95679e-05,0.00695,10
2.81432e-05,-1.03903e-05,0.00645,10
2.30699e-05,1.91776e-05,0.00595,10
2.81432e-05,-1.03903e-05,0.00595,10
-2.81432e-05,1.03903e-05,0.00645,10
-5.07335e-06,2.95679e-05,0.00695,10
-2.81432e-05,1.03903e-05,0.00695,10
-2.81432e-05,1.03903e-05,0.00695,10
-5.07335e-06,2.95679e-05,0.00745,10
-2.81432e-05,1.03903e-05,0.00745,10
-2.81432e-05,1.03903e-05,0.00645,10
-2.30699e-05,-1.91776e-05,0.00595,10
-2.81432e-05,1.03903e-05,0.00595,10
2.81432e-05,-1.03903e-05,0.00695,10
5.07335e-06,-2.95679e-05,0.00745,10
2.81432e-05,-1.03903e-05,0.00745,10
5.07335e-06,-2.95679e-05,0.00745,10
2.81432e-05,-1.03903e-05,0.00695,10
5.07335e-06,-2.95679e-05,0.00695,10
-5.07335e-06,2.95679e-05,0.00695,10
-2.81432e-05,1.03903e-05,0.00645,10
-5.07335e-06,2.95679e-05,0.00645,10
-2.30699e-05,-1.91776e-05,0.00645,10
-2.81432e-05,1.03903e-05,0.00695,10
-2.30699e-05,-1.91776e-05,0.00695,10
-2.30699e-05,-1.91776e-05,0.00595,10
-2.81432e-05,1.03903e-05,0.00645,10
-2.30699e-05,-1.91776e-05,0.00645,10
5.07335e-06,-2.95679e-05,0.00645,10
-2.30699e-05,-1.91776e-05,0.00695,10
5.07335e-06,-2.95679e-05,0.00695,10
-2.30699e-05,-1.91776e-05,0.00695,10
5.07335e-06,-2.95679e-05,0.00645,10
-2.30699e-05,-1.91776e-05,0.00645,10
2.81432e-05,-1.03903e-05,0.00595,10
5.07335e-06,-2.95679e-05,0.00645,10
2.81432e-05,-1.03903e-05,0.00645,10
-1.21166e-06,-0.0075768,0.01495,6
0.00614425,1.85142e-17,0.01495,6
-3.63497e-06,-7.02829e-19,0.01495,6
-3.63497e-06,-7.02829e-19,0.01495,6
-1.21166e-06,0.0075768,0.01495,6
-0.00307637,0.0037884,0.01495,6
-1.21166e-06,-0.0075768,0.01495,6
0.005,-0.015,0.01495,6
0.00773041,-0.00773041,0.01495,6
0.015,2.25514e-17,-5.71245e-05,5
0.015,0.0075768,-5.23748e-05,5
0.015,0.0037884,0.00298184,5
-0.005,0.015,0.01495,7
2.37484e-06,0.015,0.0075268,7
-0.00773041,0.015,0.00768041,7
-0.015,0.00773041,0.00768041,8
-0.015,0.015,0.00495,8
-0.015,0.0105401,0.00245,8
-1.21166e-06,0.0075768,0.01495,6
-0.005,0.015,0.01495,6
-0.00773041,0.00773041,0.01495,6
-0.015,0.00250119,0.0112384,8
-0.015,0.00773041,0.00768041,8
-0.015,0.00386639,0.0076036,8
0.015,-0.00773041,0.00768041,5
0.015,-0.015,0.00495,5
0.015,-0.0112884,0.00244881,5
0.015,0.00773041,-0.00778041,5
0.015,0.015,-0.00505,5
0.015,0.0112884,-0.00255119,5
0.015,2.25514e-17,-5.71245e-05,5
0.015,-0.0075768,-5.23748e-05,5
0.015,-0.0037884,-0.00309134,5
-0.015,-0.00773041,0.00768041,8
-0.015,-0.00606605,-5e-05,8
-0.015,-0.010533,0.00245,8
-0.010533,0.015,0.00245,7
-0.00773041,0.015,0.00768041,7
-0.00689823,0.015,0.0038152,7
-2.37484e-06,-0.015,0.0075268,4
-0.005,-0.015,0.01495,4
-0.00773041,-0.015,0.00768041,4
0.015,2.42861e-17,0.00601605,5
0.015,-0.005,0.01495,5
0.015,-0.00773041,0.00768041,5
0.00773041,-0.00773041,0.01495,6
0.015,-0.005,0.01495,6
0.0105721,-0.0025,0.01495,6
0.00773041,-0.015,0.00768041,4
0.00606605,-0.015,-5e-05,4
0.010533,-0.015,0.00245,4
-0.00773041,0.00773041,0.01495,6
-0.015,0.005,0.01495,6
-0.0105758,0.0025,0.01495,6
-0.00773041,-0.015,0.00768041,4
-0.015,-0.015,0.00495,4
-0.0105401,-0.015,0.00245,4
0.00773041,-0.015,0.00768041,4
-2.37484e-06,-0.015,0.0075268,4
0.00303184,-0.015,0.0037384,4
-7.12453e-06,-0.015,-5e-05,4
-2.37484e-06,-0.015,0.0075268,4
-0.00304134,-0.015,0.0037384,4
-0.00773041,-0.015,0.00768041,4
-0.0060803,-0.015,-5e-05,4
-0.00304134,-0.015,0.0037384,4
-0.015,-0.00773041,0.00768041,8
-0.015,2.37484e-06,0.0075268,8
-0.015,-0.00303184,0.0037384,8
0.015,0.00773041,0.00768041,5
0.015,0.0075768,-5.23748e-05,5
0.015,0.0112884,0.00244881,5
2.37484e-06,0.015,0.0075268,7
0.005,0.015,0.01495,7
0.00773041,0.015,0.00768041,7
-0.015,7.12453e-06,-5e-05,8
-0.015,2.37484e-06,0.0075268,8
-0.015,0.00304134,0.0037384,8
-0.015,0.00773041,0.00768041,8
-0.015,0.0060803,-5e-05,8
-0.015,0.00304134,0.0037384,8
0.005,0.015,0.01495,6
-1.21166e-06,0.0075768,0.01495,6
0.00773041,0.00773041,0.01495,6
2.37484e-06,0.015,0.0075268,7
0.0060803,0.015,-5e-05,7
7.12453e-06,0.015,-5e-05,7
0.0105401,0.015,0.00245,7
0.015,0.015,-0.00505,7
0.0105401,0.015,-0.00255,7
0.015,0.015,-5e-05,5
0.015,0.0075768,-5.23748e-05,5
0.015,0.0112884,-0.00255119,5
0.005,-0.015,0.01495,4
-0.005,-0.015,0.01495,4
-2.37484e-06,-0.015,0.0075268,4
-0.005,-0.015,0.01495,6
0.005,-0.015,0.01495,6
-1.21166e-06,-0.0075768,0.01495,6
0.005,0.015,0.01495,6
-0.005,0.015,0.01495,6
-1.21166e-06,0.0075768,0.01495,6
-0.005,0.015,0.01495,7
0.005,0.015,0.01495,7
2.37484e-06,0.015,0.0075268,7
-0.0105758,-0.0025,0.01495,6
-0.015,0.005,0.01495,6
-0.015,-2.51535e-17,0.01495,6
-0.015,-2.51535e-17,0.01495,8
-0.015,2.37484e-06,0.0075268,8
-0.015,-0.00249881,0.0112384,8
0.015,0.015,0.01495,7
0.00773041,0.015,0.00768041,7
0.005,0.015,0.01495,7
0.005,0.015,0.01495,6
0.00773041,0.00773041,0.01495,6
0.0113652,0.0113652,0.01495,6
-0.005,-0.015,0.01495,6
-0.00773041,-0.00773041,0.01495,6
-0.0113652,-0.0113652,0.01495,6
-0.005,-0.015,0.01495,4
-0.015,-0.015,0.01495,4
-0.0113652,-0.015,0.0113152,4
0.005,-0.015,0.01495,6
0.015,-0.015,0.01495,6
0.0113652,-0.0113652,0.01495,6
0.00773041,-0.015,0.00768041,4
0.015,-0.015,0.01495,4
0.005,-0.015,0.01495,4
-0.00773041,0.015,0.00768041,7
-0.015,0.015,0.01495,7
-0.005,0.015,0.01495,7
-0.015,0.015,0.01495,6
-0.00773041,0.00773041,0.01495,6
-0.005,0.015,0.01495,6
-0.015,-0.00773041,0.00768041,8
-0.015,-0.005,0.01495,8
-0.015,-0.00249881,0.0112384,8
-0.00773041,0.00773041,0.01495,6
-0.015,0.015,0.01495,6
-0.015,0.005,0.01495,6
-0.015,0.005,0.01495,8
-0.015,0.015,0.01495,8
-0.015,0.0113652,0.0113152,8
-0.015,-0.00773041,0.00768041,8
-0.015,-0.015,0.01495,8
-0.015,-0.005,0.01495,8
-0.015,-0.005,0.01495,6
-0.015,-0.015,0.01495,6
-0.0113652,-0.0113652,0.01495,6
0.015,0.015,0.01495,5
0.015,0.00773041,0.00768041,5
0.015,0.015,0.00495,5
0.00773041,0.015,0.00768041,7
0.015,0.015,0.01495,7
0.015,0.015,0.00495,7
0.015,0.00773041,0.00768041,5
0.015,0.015,0.01495,5
0.015,0.005,0.01495,5
0.015,0.005,0.01495,6
0.015,0.015,0.01495,6
0.0113652,0.0113652,0.01495,6
0.015,-0.015,0.01495,4
0.00773041,-0.015,0.00768041,4
0.015,-0.015,0.00495,4
0.015,-0.00773041,0.00768041,5
0.015,-0.015,0.01495,5
0.015,-0.015,0.00495,5
-0.015,0.015,0.00495,8
-0.015,0.00773041,0.00768041,8
-0.015,0.0113652,0.0113152,8
-0.015,0.015,0.01495,7
-0.00773041,0.015,0.00768041,7
-0.015,0.015,0.00495,7
0.015,-0.015,0.01495,5
0.015,-0.00773041,0.00768041,5
0.015,-0.005,0.01495,5
0.015,-0.005,0.01495,6
0.00773041,-0.00773041,0.01495,6
0.0113652,-0.0113652,0.01495,6
-0.015,-0.015,0.00495,4
-0.00773041,-0.015,0.00768041,4
-0.0113652,-0.015,0.0113152,4
-0.015,-0.015,0.01495,8
-0.015,-0.00773041,0.00768041,8
-0.015,-0.015,0.00495,8
0.00773041,0.015,0.00768041,7
0.015,0.015,0.00495,7
0.0105401,0.015,0.00245,7
0.015,0.00773041,0.00768041,5
0.015,2.42861e-17,0.00601605,5
0.015,0.0037884,0.00298184,5
0.0060803,0.015,-5e-05,7
2.37484e-06,0.015,0.0075268,7
0.00773041,0.015,0.00768041,7
0.015,0.00773041,0.00768041,5
0.015,0.005,0.01495,5
0.015,0.0025,0.010483,5
0.00773041,0.00773041,0.01495,6
0.00614425,1.85142e-17,0.01495,6
0.0105721,0.0025,0.01495,6
-0.005,-0.015,0.01495,6
-1.21166e-06,-0.0075768,0.01495,6
-0.00773041,-0.00773041,0.01495,6
-0.00307637,0.0037884,0.01495,6
-0.00773041,0.00773041,0.01495,6
-0.00694096,0.0038652,0.01495,6
0.00773041,0.00773041,0.01495,6
-1.21166e-06,0.0075768,0.01495,6
0.00307152,0.0037884,0.01495,6
0.015,-0.0037884,0.00298184,5
0.015,-0.00773041,0.00768041,5
0.015,-0.0076536,0.00381402,5
0.015,0.00773041,-0.00778041,5
0.015,0.0075768,-5.23748e-05,5
0.015,0.0037884,-0.00309134,5
-0.00773041,-0.00773041,0.01495,6
-0.00615152,-1.99199e-17,0.01495,6
-0.0105758,-0.0025,0.01495,6
0.00614425,1.85142e-17,0.01495,6
-1.21166e-06,-0.0075768,0.01495,6
0.00773041,-0.00773041,0.01495,6
-1.21166e-06,-0.0075768,0.01495,6
-0.00615152,-1.99199e-17,0.01495,6
-0.00773041,-0.00773041,0.01495,6
-0.00773041,0.015,0.00768041,7
2.37484e-06,0.015,0.0075268,7
-0.00303184,0.015,0.0037384,7
0.005,-0.015,0.01495,4
-2.37484e-06,-0.015,0.0075268,4
0.00773041,-0.015,0.00768041,4
0.0105721,0.0025,0.01495,6
0.015,-0.005,0.01495,6
0.015,2.51535e-17,0.01495,6
0.015,-0.005,0.01495,5
0.015,2.42861e-17,0.00601605,5
0.015,0.0025,0.010483,5
-0.00615152,-1.99199e-17,0.01495,6
-1.21166e-06,-0.0075768,0.01495,6
-3.63497e-06,-7.02829e-19,0.01495,6
-3.63497e-06,-7.02829e-19,0.01495,6
0.00614425,1.85142e-17,0.01495,6
0.00307152,0.0037884,0.01495,6
0.015,2.25514e-17,-5.71245e-05,5
0.015,2.08167e-17,-0.0061303,5
0.015,0.0037884,-0.00309134,5
-0.015,0.0060803,-5e-05,8
-0.015,0.00773041,0.00768041,8
-0.015,0.0105401,0.00245,8
-0.015,0.005,0.01495,8
-0.015,0.00773041,0.00768041,8
-0.015,0.00250119,0.0112384,8
0.015,-0.0112884,0.00244881,5
0.015,-0.0075768,-5.23748e-05,5
0.015,-0.0076536,0.00381402,5
0.015,0.0075768,-5.23748e-05,5
0.015,0.00773041,-0.00778041,5
0.015,0.0112884,-0.00255119,5
0.015,2.25514e-17,-5.71245e-05,5
0.015,2.42861e-17,0.00601605,5
0.015,-0.0037884,0.00298184,5
-0.015,-0.015,0.00495,8
-0.015,-0.00773041,0.00768041,8
-0.015,-0.010533,0.00245,8
-0.015,0.015,0.00495,7
-0.00773041,0.015,0.00768041,7
-0.010533,0.015,0.00245,7
0.00614425,1.85142e-17,0.01495,6
0.00773041,-0.00773041,0.01495,6
0.0105721,-0.0025,0.01495,6
0.015,-0.015,0.00495,4
0.00773041,-0.015,0.00768041,4
0.010533,-0.015,0.00245,4
-0.0105758,0.0025,0.01495,6
-0.00615152,-1.99199e-17,0.01495,6
-0.00694096,0.0038652,0.01495,6
-0.0060803,-0.015,-5e-05,4
-0.00773041,-0.015,0.00768041,4
-0.0105401,-0.015,0.00245,4
0.00606605,-0.015,-5e-05,4
0.00773041,-0.015,0.00768041,4
0.00303184,-0.015,0.0037384,4
-7.12453e-06,-0.015,-5e-05,4
0.00606605,-0.015,-5e-05,4
0.00303184,-0.015,0.0037384,4
-2.37484e-06,-0.015,0.0075268,4
-0.00773041,-0.015,0.00768041,4
-0.00304134,-0.015,0.0037384,4
-0.015,-0.00606605,-5e-05,8
-0.015,-0.00773041,0.00768041,8
-0.015,-0.00303184,0.0037384,8
0.015,0.015,0.00495,5
0.015,0.00773041,0.00768041,5
0.015,0.0112884,0.00244881,5
-0.015,7.12453e-06,-5e-05,8
-0.015,-0.00606605,-5e-05,8
-0.015,-0.00303184,0.0037384,8
-0.015,0.00304134,0.0037384,8
-0.015,2.37484e-06,0.0075268,8
-0.015,0.00386639,0.0076036,8
7.12453e-06,0.015,-5e-05,7
-0.00606605,0.015,-5e-05,7
-0.00303184,0.015,0.0037384,7
0.0105401,0.015,0.00245,7
0.015,0.015,0.00495,7
0.015,0.015,-5e-05,7
0.015,0.015,-5e-05,5
0.015,0.015,0.00495,5
0.015,0.0112884,0.00244881,5
-0.0105758,-0.0025,0.01495,6
-0.00615152,-1.99199e-17,0.01495,6
-0.0105758,0.0025,0.01495,6
-0.015,-2.51535e-17,0.01495,8
-0.015,0.005,0.01495,8
-0.015,0.00250119,0.0112384,8
0.015,0.015,0.01495,6
0.005,0.015,0.01495,6
0.0113652,0.0113652,0.01495,6
-0.015,-0.015,0.01495,6
-0.005,-0.015,0.01495,6
-0.0113652,-0.0113652,0.01495,6
-0.00773041,-0.015,0.00768041,4
-0.005,-0.015,0.01495,4
-0.0113652,-0.015,0.0113152,4
0.00773041,-0.00773041,0.01495,6
0.005,-0.015,0.01495,6
0.0113652,-0.0113652,0.01495,6
-0.015,2.37484e-06,0.0075268,8
-0.015,-0.00773041,0.00768041,8
-0.015,-0.00249881,0.0112384,8
-0.015,0.00773041,0.00768041,8
-0.015,0.005,0.01495,8
-0.015,0.0113652,0.0113152,8
-0.00773041,-0.00773041,0.01495,6
-0.015,-0.005,0.01495,6
-0.0113652,-0.0113652,0.01495,6
0.00773041,0.00773041,0.01495,6
0.015,0.005,0.01495,6
0.0113652,0.0113652,0.01495,6
-0.015,0.015,0.01495,8
-0.015,0.015,0.00495,8
-0.015,0.0113652,0.0113152,8
0.015,-0.015,0.01495,6
0.015,-0.005,0.01495,6
0.0113652,-0.0113652,0.01495,6
-0.015,-0.015,0.01495,4
-0.015,-0.015,0.00495,4
-0.0113652,-0.015,0.0113152,4
0.0060803,0.015,-5e-05,7
0.00773041,0.015,0.00768041,7
0.0105401,0.015,0.00245,7
0.015,0.0075768,-5.23748e-05,5
0.015,0.00773041,0.00768041,5
0.015,0.0037884,0.00298184,5
0.015,2.42861e-17,0.00601605,5
0.015,0.00773041,0.00768041,5
0.015,0.0025,0.010483,5
0.015,0.005,0.01495,6
0.00773041,0.00773041,0.01495,6
0.0105721,0.0025,0.01495,6
-1.21166e-06,0.0075768,0.01495,6
-0.00773041,0.00773041,0.01495,6
-0.00307637,0.0037884,0.01495,6
0.00614425,1.85142e-17,0.01495,6
0.00773041,0.00773041,0.01495,6
0.00307152,0.0037884,0.01495,6
0.015,2.42861e-17,0.00601605,5
0.015,-0.00773041,0.00768041,5
0.015,-0.0037884,0.00298184,5
0.015,0.0037884,-0.00309134,5
0.015,2.08167e-17,-0.0061303,5
0.015,0.0038652,-0.00695535,5
-0.015,-0.005,0.01495,6
-0.00773041,-0.00773041,0.01495,6
-0.0105758,-0.0025,0.01495,6
-0.00303184,0.015,0.0037384,7
-0.00606605,0.015,-5e-05,7
-0.00689823,0.015,0.0038152,7
0.0105721,0.0025,0.01495,6
0.00614425,1.85142e-17,0.01495,6
0.0105721,-0.0025,0.01495,6
0.015,0.0025,0.010483,5
0.015,0.005,0.01495,5
0.015,2.51535e-17,0.01495,5
-1.21166e-06,0.0075768,0.01495,6
-3.63497e-06,-7.02829e-19,0.01495,6
0.00307152,0.0037884,0.01495,6
0.015,0.0075768,-5.23748e-05,5
0.015,2.25514e-17,-5.71245e-05,5
0.015,0.0037884,-0.00309134,5
0.015,-0.00773041,0.00768041,5
0.015,-0.0112884,0.00244881,5
0.015,-0.0076536,0.00381402,5
0.015,-0.0075768,-5.23748e-05,5
0.015,2.25514e-17,-5.71245e-05,5
0.015,-0.0037884,0.00298184,5
-0.00773041,0.00773041,0.01495,6
-0.0105758,0.0025,0.01495,6
-0.00694096,0.0038652,0.01495,6
-2.37484e-06,-0.015,0.0075268,4
-7.12453e-06,-0.015,-5e-05,4
0.00303184,-0.015,0.0037384,4
-0.015,2.37484e-06,0.0075268,8
-0.015,7.12453e-06,-5e-05,8
-0.015,-0.00303184,0.0037384,8
-0.015,0.00773041,0.00768041,8
-0.015,0.00304134,0.0037384,8
-0.015,0.00386639,0.0076036,8
2.37484e-06,0.015,0.0075268,7
7.12453e-06,0.015,-5e-05,7
-0.00303184,0.015,0.0037384,7
0.015,0.015,-0.00505,7
0.0105401,0.015,0.00245,7
0.015,0.015,-5e-05,7
0.015,0.0075768,-5.23748e-05,5
0.015,0.015,-5e-05,5
0.015,0.0112884,0.00244881,5
-0.015,0.005,0.01495,6
-0.0105758,-0.0025,0.01495,6
-0.0105758,0.0025,0.01495,6
-0.015,2.37484e-06,0.0075268,8
-0.015,-2.51535e-17,0.01495,8
-0.015,0.00250119,0.0112384,8
0.015,0.00773041,-0.00778041,5
0.015,0.0037884,-0.00309134,5
0.015,0.0038652,-0.00695535,5
-0.00773041,0.015,0.00768041,7
-0.00303184,0.015,0.0037384,7
-0.00689823,0.015,0.0038152,7
0.015,-0.005,0.01495,6
0.0105721,0.0025,0.01495,6
0.0105721,-0.0025,0.01495,6
0.015,-0.005,0.01495,5
0.015,0.0025,0.010483,5
0.015,2.51535e-17,0.01495,5
-0.00615152,-1.99199e-17,0.01495,6
-3.63497e-06,-7.02829e-19,0.01495,6
-0.00307637,0.0037884,0.01495,6
0.015,2.42861e-17,0.00601605,5
0.015,2.25514e-17,-5.71245e-05,5
0.015,0.0037884,0.00298184,5
-0.015,2.37484e-06,0.0075268,8
-0.015,0.00250119,0.0112384,8
-0.015,0.00386639,0.0076036,8
0.015,2.08167e-17,-0.0061303,5
0.015,2.25514e-17,-5.71245e-05,5
0.015,-0.0037884,-0.00309134,5
-0.00606605,0.015,-5e-05,7
-0.010533,0.015,0.00245,7
-0.00689823,0.015,0.0038152,7
-0.0060803,-0.015,-5e-05,4
-7.12453e-06,-0.015,-5e-05,4
-0.00304134,-0.015,0.0037384,4
-0.015,0.0060803,-5e-05,8
-0.015,7.12453e-06,-5e-05,8
-0.015,0.00304134,0.0037384,8
0.0060803,0.015,-5e-05,7
0.0105401,0.015,0.00245,7
0.0105401,0.015,-0.00255,7
0.015,0.015,-0.00505,5
0.015,0.015,-5e-05,5
0.015,0.0112884,-0.00255119,5
-0.015,-0.005,0.01495,6
-0.0105758,-0.0025,0.01495,6
-0.015,-2.51535e-17,0.01495,6
-0.015,-0.005,0.01495,8
-0.015,-2.51535e-17,0.01495,8
-0.015,-0.00249881,0.0112384,8
-0.00615152,-1.99199e-17,0.01495,6
-0.00307637,0.0037884,0.01495,6
-0.00694096,0.0038652,0.01495,6
0.015,-0.0075768,-5.23748e-05,5
0.015,-0.0037884,0.00298184,5
0.015,-0.0076536,0.00381402,5
0.015,0.005,0.01495,6
0.0105721,0.0025,0.01495,6
0.015,2.51535e-17,0.01495,6
